arrival_to_far_corner_m,area_m2,address_rows,unit_rows,distinct_house_numbers,street,example_address,example_address_last,arrival_lat,arrival_lng,site_centre_lat,site_centre_lng
5734.5,240263,29,1,28,Burke Mountain,100 Pinecone Burke Mtn,Burke Mountain St,49.288423,-122.744930,49.331297,-122.713977
2862.6,386792,1,0,1,Quarry,6000 Quarry Rd,6000 Quarry Rd,49.325910,-122.672328,49.340308,-122.651472
2672.7,85861,1,0,0,Addington,Addington Pt,Addington Pt,49.308142,-122.699552,49.292484,-122.675352
2625.8,987463,7,0,7,Lougheed,2601 Lougheed Hwy,2745 Lougheed Hwy,49.239780,-122.814803,49.250070,-122.805090
1995.2,813795,2,0,2,Plateau,3251 Plateau Blvd,3500 Plateau Blvd,49.322166,-122.793206,49.311881,-122.799307
1867.4,162588,1,0,0,Harper,Harper Rd,Harper Rd,49.301815,-122.728183,49.316421,-122.730978
1826.5,1009228,1,0,1,Colony Farm,200 Colony Farm Rd,200 Colony Farm Rd,49.229920,-122.807396,49.237195,-122.811861
1647.4,163351,1,0,0,Munro Creek,Munro Creek,Munro Creek,49.325910,-122.672328,49.338480,-122.675050
1541.8,1174168,1,0,1,Quarry,4455 Quarry Rd,4455 Quarry Rd,49.301088,-122.706718,49.300313,-122.701341
1449.0,1697805,7,0,7,Hillcrest,550 Mariner Way,691 Hillcrest St,49.256012,-122.835420,49.256564,-122.827010
1445.1,687913,1,0,1,Oliver,4350 Oliver Rd,4350 Oliver Rd,49.293006,-122.711684,49.286533,-122.711137
1435.2,18562,1,0,0,Power Line,Power Line Rd,Power Line Rd,49.262850,-122.810505,49.263151,-122.810931
1379.2,30558,1,0,1,Quarry,4291 Quarry Rd,4291 Quarry Rd,49.318292,-122.690851,49.308496,-122.682559
1307.7,97104,1,0,1,Quarry,4299 Quarry Rd,4299 Quarry Rd,49.322724,-122.680088,49.312633,-122.682003
1269.3,159774,1,0,0,E/O Pipeline,E/O Pipeline Rd,E/O Pipeline Rd,49.313529,-122.749271,49.319757,-122.758461
1257.3,157345,1,0,0,Oliver,Oliver Rd,Oliver Rd,49.293053,-122.702839,49.298404,-122.692142
1254.1,649496,1,0,1,Oliver,4300 Oliver Rd,4300 Oliver Rd,49.292973,-122.717074,49.287304,-122.720236
1227.4,52540,1,0,1,United,1780 United Blvd,1780 United Blvd,49.229120,-122.850264,49.226045,-122.850961
1219.1,14,1,0,1,Quarry,4295 Quarry Rd,4295 Quarry Rd,49.318406,-122.690731,49.309427,-122.681184
1217.0,527484,1,0,1,Parkway,1685 Parkway Blvd,1685 Parkway Blvd,49.306231,-122.803530,49.308077,-122.796335
1131.5,33123,1,0,1,Pipeline,1850 Pipeline Rd,1850 Pipeline Rd,49.328612,-122.774192,49.326693,-122.788649
1114.9,161957,1,0,0,Calgary,Calgary Dr,Calgary Dr,49.300596,-122.711521,49.305216,-122.719813
1062.0,55621,1,0,0,Como Lake,Como Lake Ave,Como Lake Ave,49.263420,-122.846388,49.271733,-122.844410
1050.8,738667,1,0,1,Oliver,4400 Oliver Rd,4400 Oliver Rd,49.293053,-122.702839,49.288897,-122.698163
1048.6,23037,1,0,0,Fraser River,Fraser River,Fraser River,49.228399,-122.817415,49.222850,-122.808518
1034.3,268393,1,0,1,Eagle Mountain,1799 Eagle Mountain Dr,1799 Eagle Mountain Dr,49.310803,-122.809418,49.314362,-122.804938
949.6,442360,8,0,8,Pinetree,1201 Pinetree Way,3099 Trevor Wingrove Way,49.285853,-122.789807,49.289196,-122.786459
938.9,171659,1,0,1,United,1001 United Blvd,1001 United Blvd,49.229831,-122.865023,49.231539,-122.870006
922.3,614515,1,0,1,Austin,771 Austin Ave,771 Austin Ave,49.249026,-122.875773,49.252692,-122.877334
914.6,128167,1,0,0,S.E. Quarry,S.E. Quarry Rd,S.E. Quarry Rd,49.322723,-122.680081,49.316624,-122.680988
910.0,66589,1,0,1,Eagle Mountain,2000 Eagle Mountain Dr,2000 Eagle Mountain Dr,49.310729,-122.809264,49.313626,-122.801878
893.0,159817,1,0,0,N/O Quarry,N/O Quarry Rd,N/O Quarry Rd,49.322638,-122.688173,49.327580,-122.692118
884.3,625749,1,0,1,Quarry,4700 Quarry Rd,4700 Quarry Rd,49.323371,-122.681082,49.325735,-122.683509
881.6,76545,1,0,1,Quarry,5300 Quarry Rd,5300 Quarry Rd,49.325910,-122.672328,49.331153,-122.668244
881.4,223363,1,0,1,Shaughnessy,1190 Shaughnessy St,1190 Shaughnessy St,49.278767,-122.773032,49.281769,-122.769305
866.6,398197,1,0,1,Ozada,3201 Ozada Ave,3201 Ozada Ave,49.280779,-122.778470,49.281754,-122.774916
864.7,90690,1,0,1,Lansdowne,1231 Lansdowne Dr,1231 Lansdowne Dr,49.285794,-122.812256,49.289402,-122.810073
848.0,165803,1,0,0,Crouch,Crouch Ave,Crouch Ave,49.296652,-122.724575,49.302073,-122.725365
845.7,15488,1,0,0,Hazel,Hazel Ave,Hazel Ave,49.307428,-122.755838,49.312833,-122.749741
840.7,357,1,0,1,Quarry,5600 Quarry Rd,5600 Quarry Rd,49.325910,-122.672328,49.332227,-122.666195
823.6,254714,1,0,1,Pipeline,1520 Pipeline Rd,1520 Pipeline Rd,49.304844,-122.774197,49.307944,-122.777457
796.7,29152,1,0,0,Pitt River,Pitt River Rd,Pitt River Rd,49.250385,-122.800209,49.255452,-122.798460
790.3,106931,1,0,1,Camelback,1819 Camelback Crt,1819 Camelback Crt,49.313814,-122.789502,49.310584,-122.790051
769.4,110463,13,12,1,North,225 North Rd,225 North Rd H,49.238472,-122.892528,49.237823,-122.889771
753.1,113428,1,0,1,Johnson,1490 Johnson St,1490 Johnson St,49.300910,-122.795967,49.304157,-122.798153
746.5,40058,1,0,1,Braid,25 Braid St,25 Braid St,49.226275,-122.876404,49.226313,-122.870999
739.7,6676,1,0,0,Panorama,Panorama Dr,Panorama Dr,49.301087,-122.822635,49.304461,-122.822644
713.0,62978,1,0,0,S.E./O Quarry,S.E./O Quarry Rd,S.E./O Quarry Rd,49.318393,-122.690744,49.313907,-122.686486
702.8,145545,1,0,1,Cedar,4170 Cedar Dr,4170 Cedar Dr,49.288506,-122.724698,49.285122,-122.727151
685.5,275349,1,0,1,Colony Farm,70 Colony Farm Rd,70 Colony Farm Rd,49.229920,-122.807396,49.228363,-122.811314
673.8,47075,1,0,1,Cedar,4182 Cedar Dr,4182 Cedar Dr,49.288518,-122.724356,49.283973,-122.723699
654.6,2691,1,0,1,Hampton,1735 Hampton Dr,1735 Hampton Dr,49.308653,-122.783250,49.304123,-122.778990
653.1,26205,1,0,1,David,3307 David Ave,3307 David Ave,49.294573,-122.769268,49.298740,-122.767404
640.6,91864,1,0,1,Leeder,22 Leeder St,22 Leeder St,49.222368,-122.829893,49.224965,-122.831238
609.3,14728,1,0,0,Brunette,Brunette Ave,Brunette Ave,49.234645,-122.877941,49.231034,-122.875073
596.6,15768,1,0,1,Burbidge,5 Burbidge St,5 Burbidge St,49.223569,-122.823768,49.224332,-122.816285
596.2,95076,2,0,2,Oliver,4375 Oliver Rd,4455 Oliver Rd,49.293053,-122.702839,49.295241,-122.703494
577.5,169504,1,0,0,Coast Meridian,Coast Meridian Rd,Coast Meridian Rd,49.307428,-122.755838,49.309255,-122.752955
565.7,157740,1,0,0,Fremont,Fremont St,Fremont St,49.307266,-122.739851,49.304858,-122.736592
564.7,161741,1,0,1,Hazel,3331 Hazel Ave,3331 Hazel Ave,49.307392,-122.761351,49.309274,-122.763985
563.1,136612,1,0,1,Highland,3001 Highland Dr,3001 Highland Dr,49.300219,-122.761439,49.302025,-122.764520
560.4,158410,1,0,1,Calgary,1432 Calgary Dr,1432 Calgary Dr,49.300448,-122.711521,49.302196,-122.714353
558.5,54554,1,0,1,Highland,3000 Highland Dr,3000 Highland Dr,49.300219,-122.761439,49.298490,-122.765998
555.3,66700,1,0,1,United,1050 United Blvd,1050 United Blvd,49.229991,-122.864566,49.227841,-122.863761
555.3,68211,61,59,6,Burbidge,1 Burbidge St,9 Burbidge St B,49.223569,-122.823768,49.224154,-122.818570
554.8,250551,1,0,1,Mariner,501 Mariner Way,501 Mariner Way,49.251557,-122.815706,49.252005,-122.812465
548.3,146370,1,0,1,Harper,3431 Harper Rd,3431 Harper Rd,49.304003,-122.750055,49.305557,-122.748446
545.8,20246,1,0,1,Como Lake,2501 Como Lake Ave,2501 Como Lake Ave,49.263223,-122.822244,49.266953,-122.822273
538.4,159511,1,0,1,Quarry,4892 Quarry Rd,4892 Quarry Rd,49.322732,-122.680123,49.319285,-122.680671
537.4,145313,1,0,1,Upper Harper,5000 Upper Harper Rd,5000 Upper Harper Rd,49.313515,-122.749280,49.315973,-122.751340
537.0,37573,1,0,1,Quarry,5100 Quarry Rd,5100 Quarry Rd,49.325910,-122.672328,49.328827,-122.669656
530.8,101085,176,175,1,King Edward,145 King Edward St,145 King Edward St Bay 123,49.235810,-122.861666,49.236397,-122.858926
528.1,84913,1,0,0,Thermal,Thermal Dr,Thermal Dr,49.266191,-122.828490,49.265578,-122.832250
522.1,747,1,0,0,Norman,Norman Ave,Norman Ave,49.270909,-122.808659,49.269763,-122.815376
521.8,86979,1,0,1,Quarry,4141 Quarry Rd,4141 Quarry Rd,49.310333,-122.699975,49.308710,-122.703206
512.3,23596,68,67,1,Dewdney Trunk,4200 Dewdney Trunk Rd,4200 Dewdney Trunk Rd 9,49.275907,-122.816798,49.276103,-122.819637
511.2,4434,1,0,1,Johnson,1491 Johnson St,1491 Johnson St,49.301032,-122.793560,49.297778,-122.790076
506.6,4220,1,0,1,United,1046 United Blvd,1046 United Blvd,49.229991,-122.864566,49.227841,-122.864495
504.3,92771,1,0,0,Thermal,Thermal Dr Area,Thermal Dr Area,49.270126,-122.834061,49.268499,-122.832824
503.7,63098,1,0,1,Runnel,2635 Runnel Dr,2635 Runnel Dr,49.278850,-122.816153,49.281206,-122.815247
501.3,155043,1,0,1,Quarry,4250 Quarry Rd,4250 Quarry Rd,49.318392,-122.690745,49.316603,-122.692126
501.1,80962,1,0,0,Pipeline,Pipeline Rd,Pipeline Rd,49.312602,-122.771731,49.313770,-122.775073
500.0,39137,1,0,1,Balfour,361 Balfour Dr,361 Balfour Dr,49.244383,-122.821293,49.245373,-122.819950
499.3,28071,1,0,1,Fremont,1177 Fremont St,1177 Fremont St,49.285867,-122.733446,49.282581,-122.731697
496.1,155388,2,0,2,Eagle Mountain,1625 Eagle Mountain Dr,1630 Parkway Blvd,49.304646,-122.814218,49.306035,-122.815375
489.9,27081,1,0,1,Brigantine,1950 Brigantine Dr,1950 Brigantine Dr,49.224737,-122.843056,49.223349,-122.842500
485.4,218322,235,234,1,Barnet,2929 Barnet Hwy,2929 Barnet Hwy Kiosk,49.276937,-122.799557,49.279392,-122.798091
483.2,1055,1,0,1,Eagle Mountain,1735 Eagle Mountain Dr,1735 Eagle Mountain Dr,49.310729,-122.809264,49.309942,-122.802973
478.3,113294,7,6,1,Mariner,500 Mariner Way,500 Mariner Way 6,49.251024,-122.815801,49.250392,-122.819072
477.3,71508,2,0,2,Hastings,3100 Lincoln Ave,3700 Hastings St,49.278464,-122.783888,49.279800,-122.780390
474.7,32840,2,0,2,Gislason,1294 Rocklin St,3561 Gislason Ave,49.289418,-122.737524,49.292095,-122.734547
472.6,43007,1,0,0,Braid,Braid St,Braid St,49.226253,-122.876404,49.225428,-122.873276
463.9,103804,1,0,0,Poirier,Poirier St,Poirier St,49.268497,-122.846384,49.268805,-122.848545
461.7,156422,1,0,1,Quarry,4201 Quarry Rd,4201 Quarry Rd,49.314762,-122.697934,49.316547,-122.698103
459.0,162020,1,0,0,Edwards,Edwards St,Edwards St,49.300256,-122.719918,49.302154,-122.719827
458.5,77640,1,0,0,Eagle Mountain,Eagle Mountain Dr,Eagle Mountain Dr,49.311271,-122.810423,49.309434,-122.810973
454.6,142320,1,0,1,Crouch,3655 Crouch Ave,3655 Crouch Ave,49.296617,-122.725403,49.298755,-122.725402
454.2,78875,1,0,1,Quarry,5000 Quarry Rd,5000 Quarry Rd,49.325837,-122.672437,49.327034,-122.670696
453.1,114376,2,0,1,Coquitlam,502 Lougheed Hwy,Coquitlam,49.250456,-122.801327,49.248233,-122.799798
453.0,13623,1,0,1,Westwood,745 Westwood St,745 Westwood St,49.263084,-122.796087,49.261083,-122.793145
447.5,16651,1,0,1,Johnson,1484 Johnson St,1484 Johnson St,49.300894,-122.796312,49.301709,-122.798305
447.2,31001,1,0,1,Burke Village,3510 Burke Village Prom,3510 Burke Village Prom,49.292447,-122.740780,49.290991,-122.742453
446.4,48554,1,0,1,Lansdowne,1251 Lansdowne Dr,1251 Lansdowne Dr,49.290415,-122.815922,49.288481,-122.815101
440.4,28412,1,0,1,Robson,3155 Robson Dr,3155 Robson Dr,49.297703,-122.781775,49.299142,-122.781795
437.1,61939,1,0,1,Como Lake,2525 Como Lake Ave,2525 Como Lake Ave,49.263229,-122.823921,49.264247,-122.821246
436.1,344,1,0,1,Quarry,4900 Quarry Rd,4900 Quarry Rd,49.325871,-122.672385,49.322382,-122.669968
435.8,70940,1,0,1,Brunette,1046 Brunette Ave,1046 Brunette Ave,49.238189,-122.864973,49.236371,-122.863134
435.1,7208,1,0,1,Coast Meridian,1460 Coast Meridian Rd,1460 Coast Meridian Rd,49.302149,-122.755851,49.301719,-122.760443
432.6,146255,1,0,1,Pipeline,1795 Pipeline Rd,1795 Pipeline Rd,49.325303,-122.773875,49.325054,-122.772011
432.4,61561,24,20,5,Lougheed,1220 Seguin Dr,1361 Lougheed Hwy 103,49.233360,-122.858722,49.234977,-122.856666
430.4,8818,1,0,0,Deboville Slough,Deboville Slough,Deboville Slough,49.278548,-122.714271,49.279504,-122.709727
429.9,147207,1,0,1,Quarry,4301 Quarry Rd,4301 Quarry Rd,49.320261,-122.689729,49.319387,-122.692618
427.7,20126,1,0,1,Tanglewood,1561 Tanglewood Lane,1561 Tanglewood Lane,49.302373,-122.812469,49.303985,-122.812094
424.0,69939,1,0,1,Pipeline,1700 Pipeline Rd,1700 Pipeline Rd,49.318305,-122.772688,49.319063,-122.775367
423.7,43849,1,0,1,Cedar,4136 Cedar Dr,4136 Cedar Dr,49.288236,-122.730379,49.286704,-122.730334
422.8,69856,1,0,1,Pipeline,1540 Pipeline Rd,1540 Pipeline Rd,49.311045,-122.772716,49.310157,-122.775457
421.5,253,1,0,1,Quarry,4908 Quarry Rd,4908 Quarry Rd,49.325910,-122.672328,49.322651,-122.669754
421.5,39903,1,0,1,Pipeline,1570 Pipeline Rd,1570 Pipeline Rd,49.312171,-122.772148,49.312594,-122.775072
419.4,84725,2,0,2,Banting,800 Egmont Ave,820 Banting St,49.264373,-122.878799,49.265615,-122.876575
418.9,34316,1,0,1,Fremont,1165 Fremont St,1165 Fremont St,49.281111,-122.728122,49.281750,-122.731272
417.0,48401,141,121,21,Panorama,1465 Parkway Blvd,2944 Panorama Dr,49.296088,-122.807379,49.296971,-122.806839
413.5,19434,1,0,1,Guildford,2689 Guildford Way,2689 Guildford Way,49.283602,-122.811859,49.281773,-122.812182
411.6,81356,1,0,1,Quarry,4350 Quarry Rd,4350 Quarry Rd,49.321069,-122.688943,49.321130,-122.686097
408.7,67710,1,0,1,Pipeline,1750 Pipeline Rd,1750 Pipeline Rd,49.320356,-122.772700,49.320834,-122.775439
403.3,68321,1,0,0,Conifer,Conifer Dr,Conifer Dr,49.307847,-122.742650,49.309794,-122.743289
401.9,19262,1,0,1,Hazel,3349 Hazel Ave,3349 Hazel Ave,49.307445,-122.759192,49.309268,-122.759528
401.6,19258,1,0,1,Hazel,3353 Hazel Ave,3353 Hazel Ave,49.307445,-122.758519,49.309266,-122.758852
401.4,19270,1,0,1,Hazel,3337 Hazel Ave,3337 Hazel Ave,49.307455,-122.760544,49.309272,-122.760879
401.1,19255,1,0,1,Hazel,3361 Hazel Ave,3361 Hazel Ave,49.307445,-122.758519,49.309263,-122.758176
401.0,3529,1,0,1,Westwood,755 Westwood St,755 Westwood St,49.263084,-122.796061,49.261390,-122.792012
401.0,19266,1,0,1,Hazel,3343 Hazel Ave,3343 Hazel Ave,49.307456,-122.759868,49.309270,-122.760203
400.7,19190,1,0,1,Hazel,3367 Hazel Ave,3367 Hazel Ave,49.307446,-122.757840,49.309272,-122.757501
396.3,72746,1,0,0,Quarry,Quarry Rd,Quarry Rd,49.304230,-122.703880,49.306431,-122.704548
395.9,18956,1,0,1,Hazel,3377 Hazel Ave,3377 Hazel Ave,49.307489,-122.756487,49.309300,-122.756825
395.3,18924,1,0,1,Hazel,3387 Hazel Ave,3387 Hazel Ave,49.307489,-122.756487,49.309299,-122.756151
395.1,17504,1,0,1,Panorama,2571 Panorama Dr,2571 Panorama Dr,49.301004,-122.821850,49.302657,-122.821573
394.0,24837,1,0,1,Fremont,1189 Fremont St,1189 Fremont St,49.285886,-122.733416,49.283600,-122.731942
393.7,16149,1,0,1,Victoria,3660 Victoria Dr,3660 Victoria Dr,49.293264,-122.725481,49.291612,-122.725328
391.6,29,1,0,1,Quarry,4916 Quarry Rd,4916 Quarry Rd,49.325910,-122.672328,49.322819,-122.669909
391.1,35268,1,0,1,Pipeline,1725 Pipeline Rd,1725 Pipeline Rd,49.318356,-122.772700,49.319992,-122.771101
388.7,53866,34,33,1,Lougheed,2991 Lougheed Hwy,2991 Lougheed Hwy Bldg 200,49.275970,-122.796190,49.277058,-122.794801
387.7,32549,114,109,5,Inlet,1145 Inlet St,3164 Tahsis Ave,49.281369,-122.785757,49.281623,-122.781930
387.5,4997,1,0,1,Lincoln,1100 Lincoln Ave,1100 Lincoln Ave,49.278519,-122.783888,49.278503,-122.781218
387.0,41957,1,0,1,Guildford,2675 Guildford Way,2675 Guildford Way,49.283480,-122.814948,49.284934,-122.815172
386.5,52640,1,0,1,Lansdowne,1195 Lansdowne Dr,1195 Lansdowne Dr,49.282799,-122.808734,49.283932,-122.806882
385.5,78232,1,0,1,David,3512 David Ave,3512 David Ave,49.295948,-122.735626,49.294672,-122.735489
385.1,41682,8,7,1,Glacier,150 Glacier St,150 Glacier St 202,49.235102,-122.817549,49.236862,-122.817758
381.6,60481,3,0,3,Poirier,575 Poirier St,633 Poirier St,49.255667,-122.846448,49.253541,-122.845111
379.3,61348,1,0,1,Highland,3005 Highland Dr,3005 Highland Dr,49.300219,-122.761404,49.300171,-122.762506
374.9,18963,1,0,1,Gilleys,1391 Gilleys Trail,1391 Gilleys Trail,49.297441,-122.716670,49.295984,-122.713465
370.8,6012,1,0,1,Burbidge,6 Burbidge St,6 Burbidge St,49.223569,-122.823768,49.222956,-122.820084
369.2,7363,1,0,1,Quarry,4932 Quarry Rd,4932 Quarry Rd,49.325910,-122.672328,49.323510,-122.670551
368.2,70264,34,33,1,Lougheed,3000 Lougheed Hwy,3000 Lougheed Hwy Kiosk,49.273664,-122.791126,49.273627,-122.793503
367.0,102767,1,0,1,Hickstead,3531 Hickstead Ave,3531 Hickstead Ave,49.301430,-122.736000,49.303143,-122.736664
367.0,61753,1,0,1,Cedar,4150 Cedar Dr,4150 Cedar Dr,49.288651,-122.729420,49.287169,-122.728246
366.2,122923,266,265,1,Cayer,201 Cayer St,201 Cayer St 99,49.235749,-122.846731,49.234811,-122.846653
363.9,11267,1,0,1,Barnet,2777 Barnet Hwy,2777 Barnet Hwy,49.277845,-122.806246,49.280066,-122.805890
360.6,7706,1,0,1,Quarry,4940 Quarry Rd,4940 Quarry Rd,49.325910,-122.672328,49.323720,-122.670484
356.3,60493,3,0,3,Poirier,550 Poirier St,578 Poirier St,49.253788,-122.846513,49.252702,-122.848321
356.1,46210,1,0,1,Parkway,1450 Parkway Blvd,1450 Parkway Blvd,49.296558,-122.805611,49.295368,-122.807266
355.6,87534,1,0,1,United,995 United Blvd,995 United Blvd,49.229128,-122.871596,49.230346,-122.872057
355.6,48515,1,0,1,Conifer,3496 Conifer Dr,3496 Conifer Dr,49.308418,-122.744605,49.306538,-122.743309
355.1,1733,1,0,1,Burbidge,4 Burbidge St,4 Burbidge St,49.223569,-122.823768,49.222188,-122.825892
353.6,30189,1,0,1,Charland,1900 Charland Ave,1900 Charland Ave,49.247872,-122.842134,49.246479,-122.842138
352.4,14803,1,0,1,Charland,1850 Charland Ave,1850 Charland Ave,49.247862,-122.843320,49.246901,-122.843025
350.3,50074,2,1,1,Pinetree,1250 Pinetree Way,1250 Pinetree Way 101,49.288726,-122.790390,49.288067,-122.792485
350.2,40878,1,0,1,Harper,3501 Harper Rd,3501 Harper Rd,49.303598,-122.742774,49.304851,-122.740644
347.9,80791,3,0,3,King Albert,1080 Winslow Ave,1121 King Albert Ave,49.251442,-122.862204,49.253156,-122.861127
346.4,37525,1,0,1,Wellon,1290 Wellon St,1290 Wellon St,49.291475,-122.723491,49.290196,-122.725307
341.8,57517,1,0,1,David,3400 David Ave,3400 David Ave,49.293049,-122.752199,49.291740,-122.750168
341.1,38580,1,0,1,Eagle Mountain,1550 Eagle Mountain Dr,1550 Eagle Mountain Dr,49.303285,-122.815819,49.302589,-122.815103
341.1,23762,1,0,1,Victoria,3717 Victoria Dr,3717 Victoria Dr,49.297366,-122.717069,49.298788,-122.716564
339.2,29938,9,8,1,Burbidge,11 Burbidge St,11 Burbidge St 204,49.224214,-122.823786,49.224447,-122.821402
338.8,34786,1,0,1,Robinson,621 Robinson St,621 Robinson St,49.255640,-122.879886,49.253698,-122.879092
338.5,35538,1,0,1,Harper,3502 Harper Rd,3502 Harper Rd,49.304091,-122.743927,49.302545,-122.742725
336.4,65523,41,40,1,Lougheed,3025 Lougheed Hwy,3025 Lougheed Hwy 980,49.274248,-122.792092,49.276263,-122.791854
335.7,18134,1,0,1,Gislason,3551 Gislason Ave,3551 Gislason Ave,49.289418,-122.737524,49.290816,-122.736588
334.5,60465,1,0,1,Coy,3311 Coy Ave,3311 Coy Ave,49.305703,-122.763241,49.304733,-122.764750
333.8,16359,1,0,1,Quarry,4948 Quarry Rd,4948 Quarry Rd,49.325910,-122.672328,49.324146,-122.670403
332.2,104933,3,0,3,Pipeline,1865 Pipeline Rd,1990 Pipeline Rd,49.329546,-122.773957,49.330315,-122.774584
332.2,17182,1,1,1,Lansdowne,2885 Lansdowne Dr Lot Q,2885 Lansdowne Dr Lot Q,49.292505,-122.811053,49.293590,-122.808830
329.7,39820,1,0,1,Panorama,2775 Panorama Dr,2775 Panorama Dr,49.297453,-122.814893,49.298882,-122.814889
328.8,6026,1,0,1,Robson,3095 Robson Dr,3095 Robson Dr,49.297219,-122.784082,49.298769,-122.784101
328.3,10717,1,0,1,David,2925 David Ave,2925 David Ave,49.295564,-122.793257,49.296615,-122.791397
327.8,33775,1,0,1,Cedar,4196 Cedar Dr,4196 Cedar Dr,49.288538,-122.724233,49.286963,-122.723430
327.6,14563,1,0,0,North,North Rd,North Rd,49.238127,-122.892518,49.237321,-122.891272
325.9,25171,1,1,1,Lansdowne,1358 Lansdowne Dr A,1358 Lansdowne Dr A,49.290405,-122.814791,49.291834,-122.815327
325.8,40636,1,0,1,United,2450 United Blvd,2450 United Blvd,49.226060,-122.821776,49.225848,-122.819850
323.6,13819,1,0,0,Glen,Glen Dr,Glen Dr,49.282736,-122.801389,49.284245,-122.801008
323.5,56662,1,0,1,Parkway,2231 Parkway Blvd,2231 Parkway Blvd,49.317962,-122.795810,49.317935,-122.794091
323.2,6387,1,0,1,Pipeline,1760 Pipeline Rd,1760 Pipeline Rd,49.321962,-122.773440,49.321865,-122.775698
323.2,8421,1,0,1,Lincoln,3795 Lincoln Ave,3795 Lincoln Ave,49.278548,-122.714271,49.278896,-122.710581
323.1,26909,2,0,2,Golden,145 Golden Dr,151 Golden Dr,49.233306,-122.821469,49.234663,-122.822346
322.0,18510,1,0,1,Fremont,1153 Fremont St,1153 Fremont St,49.278516,-122.732376,49.280839,-122.732371
321.8,51342,2,0,2,Barnet,2920 Barnet Hwy,2930 Barnet Hwy,49.276729,-122.799450,49.275374,-122.799965
321.4,17253,1,0,1,Quarry,4964 Quarry Rd,4964 Quarry Rd,49.325910,-122.672328,49.324663,-122.670259
321.1,26326,1,0,1,Litchfield,3615 Litchfield Ave,3615 Litchfield Ave,49.293120,-122.729464,49.293597,-122.731606
321.1,49886,171,169,4,Dayanee Springs,1357 Purcell Dr 68,3105 Dayanee Springs Blvd 236,49.293998,-122.785225,49.294701,-122.783129
318.7,13076,1,1,1,Lansdowne,1358 Lansdowne Dr B,1358 Lansdowne Dr B,49.290403,-122.814204,49.291960,-122.814466
318.4,16316,1,0,1,Monson,3546 Monson Cres,3546 Monson Cres,49.287026,-122.737355,49.287596,-122.735489
318.3,31614,1,0,1,Dewdney Trunk,2770 Dewdney Trunk Rd,2770 Dewdney Trunk Rd,49.275461,-122.807497,49.274056,-122.806863
317.9,24726,172,167,5,Cottonwood,538 Cottonwood Ave,675 Whiting Way 320,49.257747,-122.891887,49.258115,-122.890241
316.8,30543,1,0,1,Brownlee,3580 Brownlee Ave,3580 Brownlee Ave,49.297382,-122.732807,49.296552,-122.734017
316.5,191,1,0,1,Quarry,4980 Quarry Rd,4980 Quarry Rd,49.325910,-122.672328,49.325604,-122.668094
313.3,79962,1,0,1,Poirier,955 Poirier St,955 Poirier St,49.268497,-122.846384,49.268686,-122.844503
312.6,29220,1,0,1,Colony Farm,65 Colony Farm Rd,65 Colony Farm Rd,49.230125,-122.807571,49.230220,-122.805164
311.6,46258,1,0,0,Moray,Moray St,Moray St,49.271442,-122.834918,49.270838,-122.836229
310.0,5991,2,0,2,Cape Horn,2271 Cape Horn Ave,2273 Cape Horn Ave,49.233165,-122.830844,49.234528,-122.831760
309.4,22505,57,56,1,Panorama,2979 Panorama Dr,2979 Panorama Dr 99,49.299493,-122.801043,49.301188,-122.800429
308.4,23248,1,0,1,Christmas,2990 Christmas Way,2990 Christmas Way,49.273654,-122.795805,49.272367,-122.795086
308.4,17203,1,0,1,Quarry,4972 Quarry Rd,4972 Quarry Rd,49.325910,-122.672328,49.325230,-122.670194
308.3,15335,48,47,1,Johnson,1216 Johnson St,1216 Johnson St 9,49.285707,-122.801733,49.285442,-122.803923
307.9,141,1,0,0,Leeder,Leeder St,Leeder St,49.224277,-122.829904,49.224488,-122.825779
307.4,33708,1,0,1,Rogers,2300 Rogers Ave,2300 Rogers Ave,49.224610,-122.828089,49.223363,-122.828901
306.1,25394,1,0,1,United,1903 United Blvd,1903 United Blvd,49.228455,-122.837420,49.228604,-122.839387
305.4,47845,1,0,1,Harper,3511 Harper Rd,3511 Harper Rd,49.301442,-122.741160,49.302004,-122.740326
305.4,28797,1,0,1,Lincoln,3661 Lincoln Ave,3661 Lincoln Ave,49.278542,-122.724084,49.279421,-122.724767
304.7,40164,1,0,1,Regan,2161 Regan Ave,2161 Regan Ave,49.261609,-122.835234,49.262191,-122.833426
304.5,46706,164,163,1,Burke Village,3500 Burke Village Prom,3500 Burke Village Prom 99,49.292537,-122.743211,49.291254,-122.744167
304.2,9685,1,0,1,Cedar,4180 Cedar Dr,4180 Cedar Dr,49.288503,-122.724580,49.286952,-122.724479
304.0,36797,2,0,2,Regan,1563 Regan Ave,1595 Regan Ave,49.261603,-122.850320,49.262271,-122.848462
303.9,24440,50,50,1,Panorama,2979 Panorama Dr 109,2979 Panorama Dr 158,49.299432,-122.800640,49.301742,-122.799888
303.1,45197,1,0,0,Victoria,Victoria Dr,Victoria Dr,49.288716,-122.732840,49.288424,-122.731406
302.2,22516,114,113,1,Edgar,688 Edgar Ave,688 Edgar Ave 99,49.242600,-122.882930,49.241484,-122.882220
302.0,26455,1,0,1,Lincoln,3679 Lincoln Ave,3679 Lincoln Ave,49.278542,-122.724084,49.279864,-122.723439
301.7,58269,123,120,3,Victoria,1330 Wellon St,3674 Victoria Dr,49.292905,-122.724934,49.292099,-122.724473
301.6,27035,1,0,1,Lincoln,3701 Lincoln Ave,3701 Lincoln Ave,49.278535,-122.721159,49.279783,-122.721839
301.5,1573,1,0,1,David,3338 David Ave,3338 David Ave,49.292948,-122.760780,49.290689,-122.760879
301.3,17792,1,0,1,Mariner,2958 Mariner Way,2958 Mariner Way,49.264280,-122.816367,49.265601,-122.815854
301.0,33585,1,0,1,Paddock,1760 Paddock Dr,1760 Paddock Dr,49.309483,-122.787613,49.310837,-122.788558
299.7,51067,5,0,5,Foster,1650 Foster Ave,630 Poirier St,49.253891,-122.849914,49.254970,-122.848237
299.2,44054,1,0,1,Lansdowne,1240 Lansdowne Dr,1240 Lansdowne Dr,49.286048,-122.813046,49.284777,-122.813188
298.7,13327,1,0,1,Gislason,3471 Gislason Ave,3471 Gislason Ave,49.289379,-122.744866,49.290694,-122.745181
298.3,32599,1,0,1,Pipeline,1739 Pipeline Rd,1739 Pipeline Rd,49.319592,-122.772692,49.320189,-122.772123
296.8,29969,36,35,1,Sheffield,3637 Sheffield Ave,3637 Sheffield Ave 174,49.298765,-122.734029,49.299804,-122.731858
296.6,33622,1,0,1,Harper,3621 Harper Rd,3621 Harper Rd,49.301815,-122.728183,49.303082,-122.729305
296.4,19979,1,0,1,King Albert,975 King Albert Ave,975 King Albert Ave,49.251506,-122.868895,49.252706,-122.867234
295.9,8047,1,0,0,David,David Ave,David Ave,49.293021,-122.772238,49.291667,-122.771720
295.6,15443,1,0,1,Robson,3080 Robson Dr,3080 Robson Dr,49.297276,-122.785003,49.296589,-122.787928
295.2,9054,1,0,1,Cedar,4104 Cedar Dr,4104 Cedar Dr,49.285886,-122.733416,49.284576,-122.732197
293.5,19906,3,0,3,Brigantine,2085 Brigantine Dr,2120 Hartley Ave,49.224152,-122.838895,49.224328,-122.836395
293.2,49240,1,0,1,Miller,900 Miller Ave,900 Miller Ave,49.268196,-122.873838,49.267191,-122.873171
292.7,32033,1,0,1,Spuraway,2701 Spuraway Ave,2701 Spuraway Ave,49.263974,-122.812412,49.265242,-122.812913
292.6,40189,1,0,1,Sharpe,900 Sharpe St,900 Sharpe St,49.267227,-122.799115,49.266247,-122.800531
291.8,19161,46,44,2,Burke Village,3458 Burke Village Prom,3467 Gislason Ave 120,49.289319,-122.747027,49.290713,-122.746182
290.7,17464,1,0,1,White Pine,1270 White Pine Pl,1270 White Pine Pl,49.290046,-122.793237,49.288485,-122.794191
289.8,33699,3,0,3,United,1395 United Blvd,1455 United Blvd,49.228890,-122.847493,49.229612,-122.848860
288.3,8538,1,0,1,Coast Meridian,1503 Coast Meridian Rd,1503 Coast Meridian Rd,49.305541,-122.755780,49.306409,-122.754536
287.9,2850,1,0,1,David,3461 David Ave,3461 David Ave,49.294080,-122.746124,49.295818,-122.746507
286.3,15340,1,0,1,Hockaday,1378 Hockaday St,1378 Hockaday St,49.296817,-122.772740,49.297569,-122.775425
285.8,21730,31,30,1,North,329 North Rd,329 North Rd 650,49.243460,-122.892638,49.243613,-122.890643
285.7,56759,83,82,1,Cape Horn,2665 Cape Horn Ave,2665 Cape Horn Ave 9,49.239386,-122.816026,49.240124,-122.817773
285.2,2743,1,0,1,Walton,2970 Walton Ave,2970 Walton Ave,49.289955,-122.795940,49.288621,-122.796010
282.7,59959,1,0,1,Lougheed,1000 Lougheed Hwy,1000 Lougheed Hwy,49.235167,-122.865373,49.234132,-122.866597
282.2,37901,1,0,1,Pipeline,1620 Pipeline Rd,1620 Pipeline Rd,49.312829,-122.771464,49.313206,-122.771696
282.0,37122,1,0,1,United,1900 United Blvd,1900 United Blvd,49.228304,-122.842704,49.227155,-122.841517
281.1,16082,5,3,2,Rogers,2320 Rogers Ave,2330 Rogers Ave,49.224620,-122.827252,49.223337,-122.827643
280.4,39271,1,0,1,Coast Meridian,1500 Coast Meridian Rd,1500 Coast Meridian Rd,49.307317,-122.755724,49.306287,-122.757198
280.1,26799,1,0,0,Catherine,Catherine Ave,Catherine Ave,49.269922,-122.874120,49.270428,-122.872353
280.0,26036,1,0,1,Rogers,2340 Rogers Ave,2340 Rogers Ave,49.224629,-122.826478,49.223023,-122.826353
279.1,21185,53,52,1,Johnson,1486 Johnson St,1486 Johnson St 9,49.300894,-122.796312,49.302238,-122.798110
278.7,23378,1,0,1,Gauthier,825 Gauthier Ave,825 Gauthier Ave,49.238774,-122.873106,49.239207,-122.874929
277.8,13107,8,7,1,Woolridge,1300 Woolridge St,1300 Woolridge St 9,49.232201,-122.855321,49.232452,-122.857829
277.8,5687,1,0,1,Irvine,880 Irvine St,880 Irvine St,49.265735,-122.794869,49.266372,-122.797602
277.5,18726,1,0,0,Quay,Quay Pl,Quay Pl,49.273254,-122.822261,49.271534,-122.823242
277.0,32547,2,0,2,Balfour,2550 Leduc Ave,415 Balfour Dr,49.244383,-122.823189,49.245717,-122.821835
276.2,30171,2,0,2,Austin,2200 Austin Ave,489 Mundy St,49.248971,-122.834315,49.247874,-122.833137
275.8,8794,1,0,1,Victoria,3650 Victoria Dr,3650 Victoria Dr,49.293164,-122.725622,49.291887,-122.725981
275.6,28600,1,0,1,Brownlee,3625 Brownlee Ave,3625 Brownlee Ave,49.297379,-122.731167,49.298483,-122.729405
275.2,7976,2,0,2,Glen,1205 Johnson St,2901 Glen Dr,49.282728,-122.801702,49.283014,-122.800904
274.7,20232,1,0,1,King Albert,1011 King Albert Ave,1011 King Albert Ave,49.251452,-122.863385,49.252677,-122.863939
274.2,4116,1,0,1,Gislason,3463 Gislason Ave,3463 Gislason Ave,49.289317,-122.746172,49.290543,-122.746775
273.7,25491,1,0,1,Lincoln,3717 Lincoln Ave,3717 Lincoln Ave,49.278535,-122.721159,49.279716,-122.720458
273.3,35436,1,0,1,Laurentian,377 Laurentian Cres,377 Laurentian Cres,49.243527,-122.844100,49.243197,-122.843124
273.2,29119,1,0,1,Schoolhouse,170 Schoolhouse St,170 Schoolhouse St,49.236126,-122.852531,49.235317,-122.853698
272.9,24170,1,0,1,Montgomery,300 Montgomery St,300 Montgomery St,49.239536,-122.839698,49.240030,-122.841575
272.7,18379,1,0,1,Mariner,2985 Mariner Way,2985 Mariner Way,49.266175,-122.814182,49.266660,-122.812603
272.6,67463,1,0,1,Westwood,1149 Westwood St,1149 Westwood St,49.281914,-122.790436,49.280542,-122.788837
272.4,11786,1,0,1,Gislason,3461 Gislason Ave,3461 Gislason Ave,49.289316,-122.746367,49.289710,-122.748285
272.2,21741,1,0,1,Victoria,3685 Victoria Dr,3685 Victoria Dr,49.294976,-122.721493,49.295703,-122.722079
271.5,23874,1,0,1,Lincoln,3735 Lincoln Ave,3735 Lincoln Ave,49.278546,-122.718394,49.279650,-122.719076
271.3,38416,1,0,1,Conifer,3540 Conifer Dr,3540 Conifer Dr,49.307456,-122.741935,49.306553,-122.740594
270.7,22671,1,0,1,Soball,1349 Soball St,1349 Soball St,49.296630,-122.751667,49.295800,-122.750742
270.7,28255,1,0,1,Pinetree,1420 Pinetree Way,1420 Pinetree Way,49.300888,-122.784947,49.300156,-122.786684
270.5,21788,45,43,2,Harper,3522 Harper Rd,3535 Highland Dr 174,49.300242,-122.743580,49.300769,-122.742252
270.0,12846,7,6,1,Woolridge,1500 Woolridge St,1500 Woolridge St 400,49.232164,-122.852826,49.231823,-122.851206
269.4,11871,1,0,1,Lofting,1437 Lofting St,1437 Lofting St,49.299786,-122.729593,49.298719,-122.728282
269.1,17402,1,0,1,Brunette,1775 Brunette Ave,1775 Brunette Ave,49.237644,-122.843397,49.238665,-122.842269
268.4,54471,1,0,1,Pipeline,1640 Pipeline Rd,1640 Pipeline Rd,49.316359,-122.771188,49.315509,-122.771409
268.0,23961,9,8,1,Schoolhouse,101 Schoolhouse St,101 Schoolhouse St 310,49.233476,-122.852562,49.232848,-122.850788
267.2,14840,1,0,1,Golden,175 Golden Dr,175 Golden Dr,49.233311,-122.820561,49.234543,-122.820110
267.1,26346,1,0,1,Panorama,2875 Panorama Dr,2875 Panorama Dr,49.297488,-122.812140,49.298984,-122.813302
266.7,36022,1,0,1,David,3390 David Ave,3390 David Ave,49.292957,-122.753653,49.291817,-122.753034
266.1,13677,1,0,1,United,1751 United Blvd,1751 United Blvd,49.228426,-122.842844,49.229060,-122.843515
266.0,16574,81,80,1,Falcon,1195 Falcon Dr,1195 Falcon Dr 9,49.284401,-122.818621,49.283518,-122.817231
265.8,22396,1,0,1,Brookmere,516 Brookmere Ave,516 Brookmere Ave,49.251061,-122.891836,49.250531,-122.890120
263.6,19991,4,3,1,Walker,315 Walker St,315 Walker St 301,49.242497,-122.877732,49.241362,-122.877269
263.4,21634,1,0,1,David,2910 David Ave,2910 David Ave,49.294307,-122.790328,49.294154,-122.793128
262.7,32865,1,0,1,Soball,1230 Soball St,1230 Soball St,49.287449,-122.750317,49.286506,-122.751730
262.0,11297,1,0,1,Catherine,860 Catherine Ave,860 Catherine Ave,49.269922,-122.874120,49.269688,-122.872107
260.9,19503,1,0,1,Edwards,1411 Edwards St,1411 Edwards St,49.298350,-122.719890,49.297493,-122.719146
260.6,13730,1,0,1,David,3342 David Ave,3342 David Ave,49.292948,-122.760774,49.291694,-122.760327
260.2,31159,52,52,1,Panorama,2979 Panorama Dr 1,2979 Panorama Dr 9,49.299392,-122.802061,49.300332,-122.802070
260.2,20127,1,0,1,Rochester,1390 Rochester Ave,1390 Rochester Ave,49.245045,-122.853879,49.244173,-122.854467
259.6,66995,2,0,2,Edgewood,1900 Edgewood Ave,380 Montgomery St,49.243552,-122.840316,49.243197,-122.840758
259.3,19794,1,0,1,Victoria,3710 Victoria Dr,3710 Victoria Dr,49.297267,-122.717250,49.296620,-122.717571
258.0,12169,1,1,0,Plateau,Plateau Blvd Lot H,Plateau Blvd Lot H,49.306513,-122.788347,49.305387,-122.788234
257.5,22236,1,0,1,Lincoln,3775 Lincoln Ave,3775 Lincoln Ave,49.278548,-122.717012,49.279564,-122.717695
257.1,27034,548,540,8,Eastwood,1189 Westwood St,3085 Primrose Lane G04,49.283132,-122.790463,49.283719,-122.789181
257.1,20593,1,0,1,Oliver,3745 Oliver Rd,3745 Oliver Rd,49.292997,-122.712891,49.294111,-122.712279
256.9,3960,1,0,1,Hockaday,1395 Hockaday St,1395 Hockaday St,49.298496,-122.772678,49.298279,-122.769917
256.6,31877,1,0,1,Fairview,600 Fairview St,600 Fairview St,49.254590,-122.882835,49.253899,-122.884289
254.7,9719,1,0,1,Victoria,3614 Victoria Dr,3614 Victoria Dr,49.291063,-122.728831,49.289393,-122.729054
254.2,32139,99,97,2,Highland,3461 Princeton Ave,3470 Highland Dr 9,49.298262,-122.749497,49.299324,-122.749416
253.9,26439,1,0,1,King Edward,15 King Edward St,15 King Edward St,49.231755,-122.861606,49.231372,-122.863005
253.7,20517,69,68,1,Lansdowne,1215 Lansdowne Dr,1215 Lansdowne Dr 524,49.285530,-122.811431,49.285393,-122.809474
253.7,19965,1,0,1,Quarry,3748 Quarry Rd,3748 Quarry Rd,49.298925,-122.712950,49.298009,-122.712281
252.9,39302,1,0,1,Bend,912 Bend Crt,912 Bend Crt,49.269315,-122.853522,49.269666,-122.855243
252.9,20182,232,227,6,Pinetree,1350 Pinetree Way,2998 Silver Springs Blvd 411,49.294634,-122.790031,49.295671,-122.790059
252.6,20390,1,0,1,Oliver,4311 Oliver Rd,4311 Oliver Rd,49.292997,-122.712891,49.294307,-122.713485
252.6,4840,1,0,1,Falcon,1089 Falcon Dr,1089 Falcon Dr,49.277097,-122.818404,49.276940,-122.817048
252.2,14205,42,41,1,Schoolhouse,115 Schoolhouse St,115 Schoolhouse St 902,49.233522,-122.852561,49.233785,-122.850794
252.1,14134,1,0,1,Schoolhouse,163 Schoolhouse St,163 Schoolhouse St,49.235164,-122.852544,49.234881,-122.850786
251.7,14175,48,47,1,Schoolhouse,145 Schoolhouse St,145 Schoolhouse St 9,49.234070,-122.852554,49.234333,-122.850790
251.2,14109,19,18,1,Schoolhouse,175 Schoolhouse St,175 Schoolhouse St 9,49.235164,-122.852544,49.235428,-122.850782
250.6,18393,1,0,1,Montgomery,330 Montgomery St,330 Montgomery St,49.241540,-122.839050,49.241055,-122.840962
250.5,16343,1,0,1,Blue Mountain,100 Blue Mountain St,100 Blue Mountain St,49.234840,-122.873101,49.234614,-122.874739
250.3,21893,92,91,1,Riley,1320 Riley St,1320 Riley St 91,49.293823,-122.743629,49.293287,-122.745156
249.4,12517,1,0,1,Robson,3150 Robson Dr,3150 Robson Dr,49.297707,-122.781771,49.297185,-122.781986
248.8,20166,1,0,1,Gilleys,1341 Gilleys Trail,1341 Gilleys Trail,49.293870,-122.717241,49.294301,-122.715571
248.4,4653,1,0,1,Poirier,600 Poirier St,600 Poirier St,49.253966,-122.846507,49.253878,-122.848215
248.4,474,1,1,1,Glen,2865 Glen Dr 42,2865 Glen Dr 42,49.282742,-122.801931,49.284794,-122.801995
248.4,25311,1,0,1,Johnson,1485 Johnson St,1485 Johnson St,49.300808,-122.798232,49.299813,-122.796985
248.2,368,1,1,1,Glen,2865 Glen Dr 40,2865 Glen Dr 40,49.282743,-122.802355,49.284826,-122.802303
248.0,20146,1,0,1,Gilleys,1355 Gilleys Trail,1355 Gilleys Trail,49.294719,-122.717224,49.295344,-122.715555
248.0,331,1,1,1,Glen,2865 Glen Dr 41,2865 Glen Dr 41,49.282744,-122.802108,49.284830,-122.802154
247.9,16717,1,0,1,Brunette,1026 Brunette Ave,1026 Brunette Ave,49.237895,-122.866425,49.236915,-122.865327
247.5,10127,1,0,1,Rochester,1189 Rochester Ave,1189 Rochester Ave,49.245002,-122.857306,49.246019,-122.857132
247.5,10246,20,19,1,Schoolhouse,211 Schoolhouse St,211 Schoolhouse St 9,49.236666,-122.852525,49.236446,-122.850774
247.4,10063,1,0,1,Rochester,1205 Rochester Ave,1205 Rochester Ave,49.245016,-122.856241,49.245732,-122.856541
247.2,350,1,1,1,Glen,2865 Glen Dr 39,2865 Glen Dr 39,49.282743,-122.802400,49.284817,-122.802452
247.2,9832,1,0,1,Lougheed,2597 Lougheed Hwy,2597 Lougheed Hwy,49.238741,-122.817048,49.237968,-122.819361
247.0,29096,1,0,1,Thompson,550 Thompson Ave,550 Thompson Ave,49.268281,-122.891198,49.267239,-122.890958
247.0,25555,1,0,1,Baker,885 Baker Dr,885 Baker Dr,49.269148,-122.825019,49.268931,-122.823386
247.0,20632,101,100,1,Mitchell,1290 Mitchell St,1290 Mitchell St 200,49.290849,-122.739370,49.290367,-122.741198
246.7,24142,1,0,1,Devon,1135 Devon St,1135 Devon St,49.278623,-122.729152,49.279418,-122.727744
246.5,319,1,1,1,Glen,2865 Glen Dr 38,2865 Glen Dr 38,49.282743,-122.802522,49.284817,-122.802595
246.1,20171,1,0,1,Gilleys,1333 Gilleys Trail,1333 Gilleys Trail,49.293870,-122.717241,49.293468,-122.715583
245.8,319,1,1,1,Glen,2865 Glen Dr 37,2865 Glen Dr 37,49.282743,-122.802665,49.284815,-122.802740
245.3,3967,1,0,1,Hockaday,1391 Hockaday St,1391 Hockaday St,49.298226,-122.772689,49.298015,-122.770024
245.3,2781,1,0,1,Lincoln,3787 Lincoln Ave,3787 Lincoln Ave,49.278548,-122.714271,49.278714,-122.711353
244.6,380,1,1,1,Glen,2865 Glen Dr 36,2865 Glen Dr 36,49.282744,-122.802808,49.284812,-122.802903
244.2,309,1,1,1,Glen,2865 Glen Dr 35,2865 Glen Dr 35,49.282746,-122.803144,49.284809,-122.803069
243.6,20811,1,0,1,Seguin,1200 Seguin Dr,1200 Seguin Dr,49.235694,-122.861499,49.234919,-122.860282
243.3,9714,2,0,2,Myrnam,217 Schoolhouse St,220 Myrnam St,49.236633,-122.852516,49.236846,-122.850835
243.2,22914,207,201,6,Dayanee Springs,1322 Genest Way,3090 Dayanee Springs Blvd,49.293522,-122.786011,49.293805,-122.786895
243.1,14443,1,0,1,Gilleys,1363 Gilleys Trail,1363 Gilleys Trail,49.295562,-122.717138,49.296181,-122.714776
242.9,338,1,1,1,Glen,2865 Glen Dr 34,2865 Glen Dr 34,49.282746,-122.803144,49.284806,-122.803229
242.0,346,1,1,1,Glen,2865 Glen Dr 33,2865 Glen Dr 33,49.282747,-122.803314,49.284803,-122.803404
241.7,410,1,1,1,Glen,2865 Glen Dr 32,2865 Glen Dr 32,49.282748,-122.803664,49.284797,-122.803604
241.0,9361,1,0,1,Lougheed,1851 Lougheed Hwy,1851 Lougheed Hwy,49.230652,-122.842624,49.231163,-122.843362
240.8,53533,1,0,1,Hickey,320 Hickey Dr,320 Hickey Dr,49.243587,-122.817696,49.244701,-122.818572
240.5,13403,1,0,1,Schoolhouse,251 Schoolhouse St,251 Schoolhouse St,49.237848,-122.852510,49.238128,-122.850830
240.4,445,1,1,1,Glen,2865 Glen Dr 30,2865 Glen Dr 30,49.282752,-122.804519,49.284765,-122.804405
239.9,18430,1,0,1,Lincoln,3765 Lincoln Ave,3765 Lincoln Ave,49.278545,-122.715628,49.279316,-122.716314
239.3,6256,1,0,1,Glen,2865 Glen Dr,2865 Glen Dr,49.282748,-122.803538,49.283788,-122.803830
239.1,19025,76,74,2,David,1330 Pinetree Way,2980 David Ave 9,49.293211,-122.791645,49.294160,-122.791968
239.0,25031,406,402,5,Heffley,1151 Pinetree Way,1178 Heffley Cres 911,49.279758,-122.793147,49.280519,-122.792819
238.7,12205,1,0,1,Schoolhouse,241 Schoolhouse St,241 Schoolhouse St,49.237372,-122.852513,49.237609,-122.850834
238.4,30686,1,0,1,King Albert,1600 King Albert Ave,1600 King Albert Ave,49.251442,-122.848587,49.250398,-122.848403
238.2,10176,3,0,3,Lucille Starr,1550 Lucille Starr Dr,195 Schoolhouse St,49.236126,-122.852531,49.235909,-122.850847
237.7,8535,1,0,1,Coast Meridian,1509 Coast Meridian Rd,1509 Coast Meridian Rd,49.305800,-122.755779,49.306588,-122.754740
237.4,24281,1,0,1,Sheffield,3538 Sheffield Ave,3538 Sheffield Ave,49.297936,-122.737364,49.297328,-122.738496
237.2,9060,1,0,1,Cedar,4100 Cedar Dr,4100 Cedar Dr,49.285657,-122.734001,49.284405,-122.733039
236.9,10101,1,0,1,Wyvern,843 Wyvern Ave,843 Wyvern Ave,49.268969,-122.873772,49.269211,-122.871821
236.1,19855,1,0,1,Pollard,1375 Pollard St,1375 Pollard St,49.296220,-122.725484,49.295731,-122.723936
236.1,35174,1,0,1,North Bend,65 North Bend St,65 North Bend St,49.230432,-122.820804,49.229204,-122.820755
235.9,32328,6,5,1,Rocket,2300 Rocket Way,2300 Rocket Way 205,49.230664,-122.827383,49.231032,-122.828071
234.9,35443,1,0,1,Harper,3497 Harper Rd,3497 Harper Rd,49.304094,-122.744027,49.304976,-122.743342
234.8,14433,77,76,1,Hudson,1228 Hudson St,1228 Hudson St 76,49.286316,-122.802749,49.286101,-122.804350
234.7,7733,9,8,1,Schoolhouse,225 Schoolhouse St,225 Schoolhouse St 8,49.237056,-122.852516,49.237198,-122.850837
234.6,4148,1,0,1,Hockaday,1385 Hockaday St,1385 Hockaday St,49.297570,-122.772713,49.297784,-122.770254
234.5,15905,97,96,1,Riverbend,3010 Riverbend Dr,3010 Riverbend Dr 99,49.264462,-122.790746,49.263959,-122.791398
234.5,27526,1,0,1,Falcon,1215 Falcon Dr,1215 Falcon Dr,49.284667,-122.818387,49.284834,-122.817037
234.1,37106,80,78,2,Parkway,1701 Parkway Blvd,1705 Parkway Blvd 9,49.306231,-122.803530,49.306164,-122.802209
233.8,33213,3,2,1,Joyce,450 Joyce St,450 Joyce St 7,49.248087,-122.873005,49.247574,-122.874342
233.7,11593,32,31,1,Decaire,320 Decaire St,320 Decaire St 9,49.242229,-122.849596,49.242816,-122.850868
233.6,16333,17,0,17,Booth,1520 Booth Ave,287 Schoolhouse St,49.238747,-122.852486,49.239265,-122.851602
232.9,18068,2,0,2,Barnet,2798 Barnet Hwy,2800 Barnet Hwy,49.277371,-122.802902,49.276595,-122.802513
232.5,368,1,1,1,Glen,2865 Glen Dr 31,2865 Glen Dr 31,49.282749,-122.803960,49.284764,-122.804176
232.3,25850,101,100,1,Victoria,3552 Victoria Dr,3552 Victoria Dr 99,49.286549,-122.736257,49.286890,-122.734754
232.1,21374,26,25,1,Parkway,1410 Parkway Blvd,1410 Parkway Blvd F9,49.297016,-122.802921,49.295956,-122.803133
232.1,6726,1,0,1,Lansdowne,1131 Lansdowne Dr,1131 Lansdowne Dr,49.279437,-122.808346,49.278892,-122.806051
232.0,30542,104,101,3,Dacre,2880 Dacre Ave,2915 Norman Ave 99,49.270939,-122.801902,49.271397,-122.800450
232.0,8110,1,0,1,Wyvern,846 Wyvern Ave,846 Wyvern Ave,49.268969,-122.873772,49.268771,-122.872102
231.9,8232,1,0,1,Hockaday,1383 Hockaday St,1383 Hockaday St,49.297175,-122.772727,49.297373,-122.771135
231.8,19395,3,2,2,Como Lake,1405 Como Lake Ave,821 Fairfax St 2,49.263470,-122.854791,49.264682,-122.854024
231.3,24808,8,6,2,King Edward,11 King Edward St,1150 United Blvd 700,49.228838,-122.861586,49.229620,-122.860433
231.2,995,1,0,1,Berkeley,2951 Berkeley Pl,2951 Berkeley Pl,49.268967,-122.797089,49.270468,-122.797525
230.9,6483,1,0,1,Princeton,3463 Princeton Ave,3463 Princeton Ave,49.298236,-122.747976,49.299291,-122.748042
229.7,10980,1,0,1,Lasalle,1200 Lasalle Pl,1200 Lasalle Pl,49.286143,-122.799255,49.286289,-122.797993
229.3,15126,1,0,1,Glen,3064 Glen Dr,3064 Glen Dr,49.282652,-122.786466,49.282219,-122.787985
229.2,24430,32,31,1,Golden,91 Golden Dr,91 Golden Dr 9,49.233300,-122.822325,49.232752,-122.822577
228.7,21067,1,0,1,Cedar,4124 Cedar Dr,4124 Cedar Dr,49.286841,-122.732427,49.286283,-122.731741
228.4,33708,2,0,2,Quay,2540 Quay Pl,2541 Quay Pl,49.273241,-122.822060,49.272613,-122.821033
228.3,14904,46,45,1,Panorama,2951 Panorama Dr,2951 Panorama Dr 9,49.298722,-122.804272,49.298705,-122.805560
228.2,32883,1,0,1,Porter,728 Porter St,728 Porter St,49.261874,-122.863248,49.261263,-122.864632
228.1,23289,1,0,1,Litchfield,3631 Litchfield Ave,3631 Litchfield Ave,49.293061,-122.727399,49.294088,-122.726982
227.8,20116,1,0,1,Coy,3329 Coy Ave,3329 Coy Ave,49.305692,-122.761393,49.304729,-122.761980
227.5,18495,1,0,1,Fremont,1141 Fremont St,1141 Fremont St,49.278516,-122.732376,49.279936,-122.732373
227.5,14679,1,0,1,Hall,3507 Hall Ave,3507 Hall Ave,49.301330,-122.741322,49.301729,-122.742295
227.1,32788,122,121,2,Kensal,1125 Kensal Pl,1137 Kensal Pl 203,49.280386,-122.784300,49.280039,-122.783092
227.0,5460,1,0,1,United,1045 United Blvd,1045 United Blvd,49.230027,-122.864476,49.231319,-122.864394
226.8,23805,36,30,21,Bromley,405 Bromley St,445 Bromley St B,49.247910,-122.818832,49.247235,-122.817991
226.6,32516,1,0,1,Walton,2960 Walton Ave,2960 Walton Ave,49.289938,-122.796775,49.288924,-122.797095
226.4,19996,1,0,1,Edwards,1420 Edwards St,1420 Edwards St,49.298329,-122.719893,49.297863,-122.721301
226.3,2116,1,0,1,Hudson,1236 Hudson St,1236 Hudson St,49.286316,-122.802749,49.286509,-122.805804
225.9,20256,1,0,1,Edwards,1353 Edwards St,1353 Edwards St,49.294975,-122.719944,49.294501,-122.718480
225.6,19572,1,0,1,Pollard,1364 Pollard St,1364 Pollard St,49.294804,-122.725491,49.295283,-122.726882
225.0,20317,1,0,1,Edwards,1443 Edwards St,1443 Edwards St,49.299299,-122.719892,49.298853,-122.718420
224.6,18205,1,0,1,Golden,80 Golden Dr,80 Golden Dr,49.230807,-122.824546,49.231187,-122.826027
224.6,20005,1,0,1,Edwards,1450 Edwards St,1450 Edwards St,49.300256,-122.719918,49.299742,-122.721289
224.3,27613,3,2,1,Golden,88 Golden Dr,88 Golden Dr 201,49.232053,-122.824560,49.233232,-122.825802
223.8,17765,1,0,1,Victoria,3497 Victoria Dr,3497 Victoria Dr,49.285740,-122.742052,49.286835,-122.742716
223.6,26975,1,0,1,Clearwater,728 Clearwater Way,728 Clearwater Way,49.258349,-122.804382,49.258800,-122.806088
223.5,36631,1,0,1,Lillian,960 Lillian St,960 Lillian St,49.268947,-122.860252,49.269471,-122.861591
223.4,12440,32,30,2,Burke Village,3450 David Ave,3451 Burke Village Prom 113,49.291940,-122.747641,49.292872,-122.746957
223.2,17665,53,52,1,Robson,2998 Robson Dr,2998 Robson Dr 152,49.299465,-122.788298,49.298647,-122.788624
223.0,16224,3,2,1,Rogers,2381 Rogers Ave,2381 Rogers Ave 2,49.224649,-122.823969,49.225357,-122.825493
222.9,44299,1,0,1,United,2080 United Blvd,2080 United Blvd,49.228068,-122.838276,49.227394,-122.837441
222.7,23777,1,0,1,Golden,70 Golden Dr,70 Golden Dr,49.229971,-122.824531,49.229177,-122.825789
221.4,20236,1,0,1,Poirier,565 Poirier St,565 Poirier St,49.252658,-122.846554,49.252187,-122.845185
220.9,35526,1,0,1,Pinetree,1210 Pinetree Way,1210 Pinetree Way,49.286179,-122.791820,49.285715,-122.793358
220.9,4184,1,0,1,Gabriola,1300 Gabriola Dr,1300 Gabriola Dr,49.292868,-122.774853,49.291959,-122.774103
220.4,18528,1,0,1,Nestor,1266 Nestor St,1266 Nestor St,49.290671,-122.778486,49.290119,-122.779860
220.3,19992,1,0,1,Devon,1156 Devon St,1156 Devon St,49.280363,-122.728428,49.280761,-122.729741
220.2,5697,3,2,1,North,333 North Rd,333 North Rd B,49.244337,-122.892652,49.244197,-122.891177
220.1,25788,1,0,1,Rocklin,1295 Rocklin St,1295 Rocklin St,49.291159,-122.734820,49.290781,-122.734333
220.1,5001,1,0,1,Sunridge,2968 Sunridge Crt,2968 Sunridge Crt,49.302555,-122.804855,49.303923,-122.804636
219.8,14318,1,0,1,Edwards,1455 Edwards St,1455 Edwards St,49.299586,-122.719894,49.299956,-122.718408
219.8,14109,1,0,1,Quarry,3723 Quarry Rd,3723 Quarry Rd,49.298534,-122.714806,49.299734,-122.715435
219.7,8648,1,0,1,Pipeline,1472 Pipeline Rd,1472 Pipeline Rd,49.303456,-122.775065,49.303678,-122.776552
219.0,13602,257,255,2,Alderson,739 Alderson Ave,750 Delestre Ave 439,49.239729,-122.878672,49.240684,-122.878227
219.0,33999,1,0,1,Clearwater,700 Clearwater Way,700 Clearwater Way,49.257776,-122.804428,49.256937,-122.806013
218.8,1150,1,0,1,Schoolhouse,150 Schoolhouse St,150 Schoolhouse St,49.236688,-122.852524,49.237510,-122.854856
218.6,9531,45,44,1,Coast Meridian,1299 Coast Meridian Rd,1299 Coast Meridian Rd 9,49.290331,-122.755908,49.291053,-122.755464
218.6,20743,1,0,1,McVicar,3550 McVicar Crt,3550 McVicar Crt,49.296387,-122.739548,49.295954,-122.738318
218.5,17469,1,0,1,Devon,1144 Devon St,1144 Devon St,49.280363,-122.728428,49.279931,-122.729915
218.4,27717,29,28,1,Como Lake,1960 Como Lake Ave,1960 Como Lake Ave 172,49.263344,-122.838153,49.262544,-122.838922
218.3,10998,1,0,1,Camelback,1850 Camelback Crt,1850 Camelback Crt,49.313846,-122.789433,49.314660,-122.790546
218.3,4052,1,0,1,Pipeline,1500 Pipeline Rd,1500 Pipeline Rd,49.311106,-122.772699,49.310137,-122.772204
218.2,6523,1,0,1,Panorama,2970 Panorama Dr,2970 Panorama Dr,49.298067,-122.806408,49.297688,-122.805756
217.1,7468,1,0,1,Pipeline,1466 Pipeline Rd,1466 Pipeline Rd,49.303456,-122.775065,49.303319,-122.776612
217.0,16954,1,0,1,Golden,78 Golden Dr,78 Golden Dr,49.229989,-122.824532,49.230265,-122.826010
217.0,21693,1,0,1,Austin,565 Austin Ave,565 Austin Ave,49.249074,-122.887569,49.249830,-122.888184
216.9,12410,146,144,2,Glen,2915 Glen Dr,2925 Glen Dr 419,49.282728,-122.800306,49.283666,-122.799987
216.8,17912,2,0,2,Lougheed,1110 Lougheed Hwy,1175 Woolridge St,49.232887,-122.859042,49.233533,-122.859759
216.8,18815,1,0,1,Soball,1254 Soball St,1254 Soball St,49.287449,-122.750317,49.287888,-122.751700
216.6,18151,1,0,1,Devon,1147 Devon St,1147 Devon St,49.281090,-122.728131,49.280635,-122.726796
216.6,18061,1,0,1,Rosenburg,1292 Rosenburg Way,1292 Rosenburg Way,49.290640,-122.738183,49.290310,-122.739070
216.5,32014,36,34,2,Clarke,552 Clarke Rd,568 Clarke Rd,49.262038,-122.889490,49.261357,-122.888868
216.5,12506,1,0,1,Robson,2995 Robson Dr,2995 Robson Dr,49.299920,-122.789061,49.298900,-122.789845
216.3,9243,1,0,1,Cedar,4171 Cedar Dr,4171 Cedar Dr,49.288834,-122.727183,49.289450,-122.726844
216.2,15331,1,0,0,Pinewood,Pinewood Ave,Pinewood Ave,49.291543,-122.793809,49.292065,-122.792719
216.1,17669,1,0,1,Smith,751 Smith Ave,751 Smith Ave,49.259988,-122.877147,49.261054,-122.877755
216.1,20882,76,75,1,Mitchell,1350 Mitchell St,1350 Mitchell St 175,49.293839,-122.738512,49.293463,-122.739606
216.0,15637,1,0,1,Edwards,1350 Edwards St,1350 Edwards St,49.294627,-122.719946,49.294149,-122.720475
215.8,16845,1,0,1,Brunette,1432 Brunette Ave,1432 Brunette Ave,49.240630,-122.852671,49.239312,-122.853108
215.6,2034,1,0,1,Lakeshore,688 Lakeshore Dr,688 Lakeshore Dr,49.257944,-122.857868,49.259247,-122.859255
215.5,8433,1,0,1,Pollard,1385 Pollard St,1385 Pollard St,49.296606,-122.725481,49.296384,-122.723937
215.5,30111,1,0,1,Harper,3630 Harper Rd,3630 Harper Rd,49.301640,-122.729543,49.300630,-122.730548
215.4,16545,7,6,1,Barnet,2635 Barnet Hwy,2635 Barnet Hwy 200,49.277928,-122.815653,49.278376,-122.814310
215.1,24249,74,73,1,Falcon,1140 Falcon Dr,1140 Falcon Dr 9,49.280543,-122.818372,49.280627,-122.819685
214.5,24829,194,190,4,Parkway,1420 Parkway Blvd,1438 Parkway Blvd 412,49.296558,-122.805611,49.295847,-122.804672
214.5,20796,1,0,1,Lougheed,995 Lougheed Hwy,995 Lougheed Hwy,49.269930,-122.798649,49.269950,-122.798029
214.4,18417,1,0,1,Lincoln,3645 Lincoln Ave,3645 Lincoln Ave,49.278535,-122.725463,49.279420,-122.726149
214.2,25070,1,0,1,Finnigan,155 Finnigan St,155 Finnigan St,49.234029,-122.836855,49.234454,-122.835451
213.9,10338,1,0,1,Golden,84 Golden Dr,84 Golden Dr,49.231587,-122.824556,49.231810,-122.826039
213.7,16776,138,126,12,Begin,1201 Brunette Ave,219 Begin St 99,49.239359,-122.859791,49.240146,-122.858541
213.6,14983,1,0,1,Pinetree,1410 Pinetree Way,1410 Pinetree Way,49.299185,-122.786392,49.299590,-122.787322
213.2,2437,1,0,1,Johnson,1215 Johnson St,1215 Johnson St,49.285443,-122.801660,49.285628,-122.799000
213.1,3566,1,0,1,Pollard,1350 Pollard St,1350 Pollard St,49.293341,-122.725485,49.294088,-122.725718
212.9,39706,1,0,1,Durant,1255 Durant Dr,1255 Durant Dr,49.289268,-122.808190,49.288839,-122.807053
212.9,18390,1,0,1,Lincoln,3585 Lincoln Ave,3585 Lincoln Ave,49.278517,-122.731114,49.279033,-122.732375
212.7,4395,1,0,1,Dufferin,1100 Dufferin St,1100 Dufferin St,49.280544,-122.804021,49.280168,-122.806514
212.7,19097,1,0,1,Brigantine,2000 Brigantine Dr,2000 Brigantine Dr,49.224486,-122.840551,49.223749,-122.839565
212.4,13135,1,0,1,Lofting,1457 Lofting St,1457 Lofting St,49.300015,-122.729490,49.300771,-122.728590
211.9,492,1,1,1,Glen,2865 Glen Dr 29,2865 Glen Dr 29,49.282752,-122.804523,49.284550,-122.804280
211.9,11679,1,0,1,Victoria,3665 Victoria Dr,3665 Victoria Dr,49.293448,-122.725175,49.294544,-122.724820
211.5,400,1,1,1,Glen,2865 Glen Dr 43,2865 Glen Dr 43,49.282742,-122.801933,49.284573,-122.802129
211.5,38050,2,0,2,Pinetree,1260 Pinetree Way,3000 Pinewood Ave,49.290059,-122.790456,49.289832,-122.791603
211.3,15253,195,194,1,Guildford,3098 Guildford Way,3098 Guildford Way 450,49.284990,-122.787774,49.285117,-122.786062
210.9,13195,40,39,1,Eagle Mountain,1506 Eagle Mountain Dr,1506 Eagle Mountain Dr 9,49.300429,-122.819440,49.301174,-122.820585
210.7,16892,2,0,2,Glacier,69 Glacier St,71 Glacier St,49.230993,-122.817493,49.229966,-122.816656
210.7,11075,1,0,1,Walton,3005 Walton Ave,3005 Walton Ave,49.291475,-122.793972,49.292142,-122.794531
210.6,10696,1,0,1,Dacre,2884 Dacre Ave,2884 Dacre Ave,49.272618,-122.801715,49.272244,-122.800597
209.8,2550,1,0,1,Aberdeen,2741 Aberdeen Ave,2741 Aberdeen Ave,49.276712,-122.812750,49.276677,-122.814253
209.7,10673,1,0,1,Darwin,3354 Darwin Ave,3354 Darwin Ave,49.287565,-122.758564,49.286565,-122.758800
208.9,16203,156,154,2,Johnson,1219 Johnson St,1220 Lasalle Pl 421,49.286327,-122.801538,49.285832,-122.800096
208.9,50599,1,0,1,Lougheed,1701 Lougheed Hwy,1701 Lougheed Hwy,49.231268,-122.845788,49.232180,-122.845751
208.1,4017,1,0,1,Lougheed,1050 Lougheed Hwy Park,1050 Lougheed Hwy Park,49.234980,-122.864500,49.234299,-122.864419
208.0,10259,1,0,1,Hockaday,1375 Hockaday St,1375 Hockaday St,49.296817,-122.772740,49.296837,-122.771433
207.6,12230,1,0,1,Como Lake,2131 Como Lake Ave,2131 Como Lake Ave,49.263327,-122.835671,49.264668,-122.835886
207.5,347,1,1,1,Glen,2865 Glen Dr 63,2865 Glen Dr 63,49.282746,-122.803154,49.284506,-122.803047
207.3,264,1,1,1,Glen,2865 Glen Dr 25,2865 Glen Dr 25,49.282745,-122.802965,49.284492,-122.802883
207.2,271,1,1,1,Glen,2865 Glen Dr 24,2865 Glen Dr 24,49.282744,-122.802822,49.284491,-122.802738
207.2,6571,1,0,1,Coast Meridian,1488 Coast Meridian Rd,1488 Coast Meridian Rd,49.305604,-122.755779,49.305387,-122.756748
207.1,353,1,1,1,Glen,2865 Glen Dr 23,2865 Glen Dr 23,49.282744,-122.802679,49.284454,-122.802566
207.1,23648,1,0,1,Victoria,3695 Victoria Dr,3695 Victoria Dr,49.295795,-122.719955,49.296598,-122.720788
206.9,6072,1,0,1,Edwards,1451 Edwards St,1451 Edwards St,49.299299,-122.719892,49.299476,-122.718413
206.8,25992,1,0,1,Johnson,1455 Johnson St,1455 Johnson St,49.300799,-122.798381,49.299751,-122.798929
206.5,2557,1,0,1,Soball,1351 Soball,1351 Soball,49.296106,-122.751661,49.296217,-122.749916
205.9,1867,1,0,1,Lougheed,1048 Lougheed Hwy Park,1048 Lougheed Hwy Park,49.235006,-122.864637,49.233997,-122.864637
205.8,9306,1,0,1,Martin,1496 Martin St,1496 Martin St,49.306073,-122.761307,49.305842,-122.759841
205.4,24012,1,0,1,Pipeline,1701 Pipeline Rd,1701 Pipeline Rd,49.316950,-122.771780,49.317649,-122.771017
204.9,2469,1,0,1,Cedar,4181 Cedar Dr,4181 Cedar Dr,49.288744,-122.723636,49.288884,-122.725829
204.8,19947,75,74,1,Falcon,1240 Falcon Dr,1240 Falcon Dr 9,49.286381,-122.819616,49.285939,-122.820343
204.4,17594,2,0,2,United,1365 United Blvd,1369 United Blvd,49.229160,-122.850667,49.229973,-122.851536
204.3,19554,1,0,1,Hartley,1575 Hartley Ave,1575 Hartley Ave,49.226711,-122.845596,49.227083,-122.844599
204.2,21546,66,65,1,Falcon,1170 Falcon Dr,1170 Falcon Dr 9,49.281845,-122.819119,49.281406,-122.819969
204.0,4731,1,0,1,Martin,1508 Martin St,1508 Martin St,49.306440,-122.761299,49.306223,-122.759041
204.0,19373,59,58,1,Tahsis,3190 Tahsis Ave,3190 Tahsis Ave 9,49.282294,-122.780587,49.281586,-122.779606
204.0,27173,1,0,1,Bend,911 Bend Crt,911 Bend Crt,49.269308,-122.853526,49.269386,-122.852517
203.8,8174,1,0,1,Kong,58 Kong Crt,58 Kong Crt,49.228791,-122.858097,49.227893,-122.858751
203.8,25858,1,0,1,Schoolhouse,411 Schoolhouse St,411 Schoolhouse St,49.246212,-122.852461,49.245911,-122.851239
203.7,1946,1,0,1,Falcon,1085 Falcon Dr,1085 Falcon Dr,49.276907,-122.818410,49.276748,-122.816945
203.4,12118,2,0,2,Mariner,769 Mariner Way,775 Mariner Way,49.260724,-122.816762,49.261672,-122.816809
203.1,8177,1,0,1,Edwards,1446 Edwards St,1446 Edwards St,49.299296,-122.719892,49.299056,-122.721557
202.9,8055,1,0,1,David,3460 David Ave,3460 David Ave,49.293953,-122.746658,49.292996,-122.746224
202.7,364,1,1,1,Glen,2865 Glen Dr 28,2865 Glen Dr 28,49.282752,-122.804525,49.284447,-122.804302
202.4,22044,67,66,1,Panorama,2990 Panorama Dr,2990 Panorama Dr 9,49.299373,-122.802133,49.298350,-122.802171
202.1,16281,2,0,2,Glacier,91 Glacier St,93 Glacier St,49.231813,-122.817561,49.232594,-122.816825
202.1,11343,1,0,1,Westwood,1112 Westwood St,1112 Westwood St,49.278275,-122.790502,49.278014,-122.791872
202.0,14574,1,0,1,Innes,3596 Innes Crt,3596 Innes Crt,49.298265,-122.732804,49.297848,-122.733816
201.9,399,1,0,1,Panorama,2975 Panorama Dr,2975 Panorama Dr,49.298572,-122.804757,49.300224,-122.805537
201.7,11891,1,0,1,Quarry,3720 Quarry Rd,3720 Quarry Rd,49.297586,-122.716641,49.297974,-122.714964
201.6,19500,2,0,2,Lodge,1915 Lodge Dr,1950 Lodge Dr,49.287509,-122.769409,49.288333,-122.769345
201.5,3181,1,0,1,David,3440 David Ave,3440 David Ave,49.293700,-122.747766,49.292742,-122.747554
201.1,15383,1,0,1,Smith,740 Smith Ave,740 Smith Ave,49.260074,-122.879197,49.259332,-122.879101
201.1,11133,2,0,1,Victoria,3435 Victoria Dr,3435 Wilkie Ave,49.285735,-122.750153,49.286355,-122.748922
200.5,16769,1,0,0,Leclair,Leclair Dr,Leclair Dr,49.242781,-122.827610,49.243526,-122.827519
200.5,6929,1,0,1,Panorama,2570 Panorama Dr,2570 Panorama Dr,49.300725,-122.821131,49.300070,-122.821651
199.7,326,1,1,1,Glen,2865 Glen Dr 44,2865 Glen Dr 44,49.282742,-122.801935,49.284468,-122.802133
199.3,7469,1,0,1,Gislason,3379 Gislason Ave,3379 Gislason Ave,49.289310,-122.750351,49.289821,-122.751635
199.2,3527,1,0,1,Edwards,1444 Edwards St,1444 Edwards St,49.298877,-122.719873,49.298745,-122.721611
199.2,5203,1,0,1,Galloway,3457 Galloway Ave,3457 Galloway Ave,49.294904,-122.746649,49.295840,-122.746780
199.0,16604,64,61,3,Dayanee Springs,1362 Purcell Dr,3065 Dayanee Springs Blvd 9,49.294139,-122.786696,49.294886,-122.786094
198.8,5073,1,0,1,Galloway,3437 Galloway Ave,3437 Galloway Ave,49.294886,-122.748952,49.295835,-122.748759
198.5,15570,59,58,1,Mitchell,1360 Mitchell St,1360 Mitchell St 158,49.294586,-122.737362,49.294919,-122.738410
198.4,17758,1,0,1,Rochester,1300 Rochester Ave,1300 Rochester Ave,49.245016,-122.856245,49.244217,-122.856102
197.8,13389,29,28,1,Baycrest,3565 Baycrest Ave,3565 Baycrest Ave 161,49.288936,-122.733923,49.288973,-122.735396
197.6,3377,1,0,1,Edwards,1442 Edwards St,1442 Edwards St,49.298511,-122.719876,49.298562,-122.721577
197.6,3410,1,0,1,Edwards,1440 Edwards St,1440 Edwards St,49.298431,-122.719882,49.298381,-122.721494
197.6,17549,3,2,1,United,1101 United Blvd,1101 United Blvd 102,49.230496,-122.859436,49.231286,-122.860305
197.4,15560,1,0,1,Cedar,4233 Cedar Dr,4233 Cedar Dr,49.292003,-122.720311,49.292236,-122.722141
197.3,1852,1,0,0,Burke Village,Burke Village Prom,Burke Village Prom,49.291782,-122.747373,49.292728,-122.747703
196.9,6719,1,0,1,Burke Village,3517 Burke Village Prom,3517 Burke Village Prom,49.292461,-122.740885,49.293312,-122.740509
196.9,4580,133,132,1,Glen,2905 Glen Dr,2905 Glen Dr 622,49.282728,-122.800306,49.283689,-122.800572
196.6,19415,27,26,1,Golden,81 Golden Dr,81 Golden Dr B,49.230681,-122.824543,49.230879,-122.823384
196.2,3606,1,0,1,Burbidge,2 Burbidge St,2 Burbidge St,49.223569,-122.823768,49.222388,-122.823898
195.6,18145,108,105,3,Lansdowne,1176 Lansdowne Dr,1190 Lansdowne Dr 336,49.283258,-122.809009,49.283059,-122.811017
195.5,15211,1,0,1,Christmas,2960 Christmas Way,2960 Christmas Way,49.275184,-122.795839,49.275129,-122.796982
195.4,17744,1,0,1,Brownlee,3620 Brownlee Ave,3620 Brownlee Ave,49.297380,-122.731567,49.296998,-122.730400
195.2,15157,46,45,1,Atlin,2721 Atlin Pl,2721 Atlin Pl 156,49.247446,-122.814397,49.247088,-122.814941
194.9,6861,2,0,2,Miller,835 Miller Ave,837 Miller Ave,49.268196,-122.873952,49.268398,-122.872652
194.8,17674,1,0,1,Quarry,3729 Quarry Rd,3729 Quarry Rd,49.298745,-122.713885,49.299471,-122.714158
194.3,19300,11,9,2,Canoe,2388 Canoe Ave,2440 Canoe Ave 110,49.229726,-122.824074,49.229094,-122.823220
194.2,5983,1,0,1,Daybreak,3060 Daybreak Ave,3060 Daybreak Ave,49.265834,-122.805883,49.265084,-122.805947
194.2,17166,12,11,1,Lansdowne,1100 Lansdowne Dr,1100 Lansdowne Dr K,49.276655,-122.808388,49.277115,-122.809524
194.1,13462,1,0,1,Dacre,2895 Dacre Ave,2895 Dacre Ave,49.272618,-122.801715,49.273008,-122.800389
193.7,15098,1,0,1,Quarry,3728 Quarry Rd,3728 Quarry Rd,49.298925,-122.712950,49.297986,-122.713604
193.6,11606,1,0,1,Litchfield,3622 Litchfield Ave,3622 Litchfield Ave,49.293077,-122.728453,49.292533,-122.728858
193.5,16058,61,60,1,Parkway,2351 Parkway Blvd,2351 Parkway Blvd 9,49.319442,-122.794723,49.319844,-122.793226
193.5,12578,1,0,1,Pier,3101 Pier Dr,3101 Pier Dr,49.275179,-122.815185,49.275635,-122.814236
193.2,18241,68,66,2,Mitchell,1220 Rocklin St,1225 Mitchell St 130,49.286650,-122.740657,49.286443,-122.739117
192.8,18324,1,0,1,Lincoln,3777 Lincoln Ave,3777 Lincoln Ave,49.278548,-122.714271,49.279061,-122.713071
192.5,18442,47,46,1,Gatensbury,511 Gatensbury St,511 Gatensbury St 146,49.249054,-122.858010,49.249610,-122.856722
192.5,22211,2,0,2,Hartley,2000 Hartley Ave,49 Schooner St,49.224694,-122.840543,49.225240,-122.839582
192.3,17776,86,85,1,Hames,1338 Hames Cres,1338 Hames Cres 9,49.294715,-122.754335,49.293915,-122.754386
192.2,9331,4,3,1,Leeder,35 Leeder St,35 Leeder St C,49.225872,-122.829953,49.225653,-122.828597
191.7,12244,52,51,1,Walton,2978 Walton Ave,2978 Walton Ave 9,49.290030,-122.795529,49.289162,-122.795400
191.5,16828,77,76,1,Olmsted,1340 Olmsted St,1340 Olmsted St 176,49.294181,-122.741554,49.294374,-122.742634
191.3,5749,1,0,1,Sultan,3341 Sultan Pl,3341 Sultan Pl,49.300243,-122.769858,49.301110,-122.769734
191.2,9895,33,30,3,Glen,2825 Glen Dr,2841 Glen Dr 209,49.282752,-122.804566,49.283137,-122.805807
191.2,13080,40,39,1,Paddock,1751 Paddock Dr,1751 Paddock Dr 9,49.308622,-122.787821,49.308979,-122.787159
190.8,9520,1,0,1,Edwards,1333 Edwards St,1333 Edwards St,49.293928,-122.719901,49.293775,-122.718562
190.5,325,1,1,1,Glen,2865 Glen Dr 27,2865 Glen Dr 27,49.282752,-122.804527,49.284352,-122.804321
190.3,18093,34,33,1,Barnet,2773 Barnet Hwy,2773 Barnet Hwy F,49.277852,-122.806367,49.278541,-122.807224
189.9,2536,1,0,1,Pipeline,1421 Pipeline Rd,1421 Pipeline Rd,49.300279,-122.776634,49.301037,-122.776405
189.6,14427,1,0,1,Lincoln,3757 Lincoln Ave,3757 Lincoln Ave,49.278548,-122.714271,49.279182,-122.714908
189.5,326,1,1,1,Glen,2865 Glen Dr 45,2865 Glen Dr 45,49.282742,-122.801937,49.284374,-122.802136
189.3,8598,395,386,10,Austin,1029 Austin Ave,505 Nelson St 909,49.249045,-122.865609,49.249360,-122.864287
189.2,21595,92,91,1,Olmsted,1331 Olmsted St,1331 Olmsted St 191,49.294139,-122.741704,49.293455,-122.741653
188.2,32936,97,95,2,Dayton,1430 Dayton St,3400 Devonshire Ave 9,49.300355,-122.753551,49.300751,-122.753697
188.1,13222,19,18,1,Cayer,204 Cayer St,204 Cayer St 407,49.235744,-122.846731,49.236119,-122.847942
187.4,11444,3,2,1,United,1301 United Blvd,1301 United Blvd 2,49.230212,-122.857648,49.230856,-122.858224
187.1,12117,1,0,1,Mariner,340 Mariner Way,340 Mariner Way,49.242005,-122.816011,49.242610,-122.816559
186.8,398,1,1,1,Glen,2865 Glen Dr 17,2865 Glen Dr 17,49.282747,-122.803314,49.284268,-122.803286
186.6,8199,1,0,1,Nestor,1270 Nestor St,1270 Nestor St,49.290671,-122.778486,49.291043,-122.779692
186.3,15808,155,153,2,Panorama,1415 Parkway Blvd,2950 Panorama Dr 905,49.297018,-122.804245,49.298089,-122.804678
186.2,11862,41,40,1,Laval,99 Laval St,99 Laval St 146,49.239436,-122.857349,49.238665,-122.856287
186.1,20245,1,0,1,Burbidge,35 Burbidge St,35 Burbidge St,49.225761,-122.823814,49.225273,-122.822690
185.7,4464,1,0,1,Walton,2849 Walton Ave,2849 Walton Ave,49.289964,-122.804549,49.290978,-122.805007
185.7,365,1,1,1,Glen,2865 Glen Dr 16,2865 Glen Dr 16,49.282747,-122.803412,49.284246,-122.803435
185.1,307,1,1,1,Glen,2865 Glen Dr 18,2865 Glen Dr 18,49.282746,-122.803213,49.284252,-122.803132
185.0,8947,1,0,1,Walton,2879 Walton Ave,2879 Walton Ave,49.289962,-122.802188,49.290815,-122.802563
184.8,30394,1,0,1,United,999 United Blvd,999 United Blvd,49.229499,-122.867507,49.230091,-122.867063
184.4,6688,1,0,0,Durant,Durant Dr,Durant Dr,49.291560,-122.807455,49.292430,-122.808024
183.6,15876,5,3,2,Delahaye,1320 Johnson St,2888 Delahaye Dr,49.292998,-122.800810,49.292286,-122.801431
183.4,10514,1,0,1,Lansdowne,1260 Lansdowne Dr,1260 Lansdowne Dr,49.286968,-122.815934,49.286599,-122.816536
183.1,8335,1,0,1,Oxford,1403 Oxford St,1403 Oxford St,49.297577,-122.765149,49.297310,-122.763950
182.8,8097,1,0,1,Wellington,1227 Wellington St,1227 Wellington St,49.286632,-122.761649,49.286403,-122.760356
182.6,8098,1,0,1,Wellington,1237 Wellington St,1237 Wellington St,49.287522,-122.761637,49.287295,-122.760346
182.6,18968,2,0,1,Burbidge,10 Burbidge St,Burbidge St,49.223569,-122.823768,49.223262,-122.824617
182.4,11278,20,20,1,Brigantine,2075 Brigantine Dr 1,2075 Brigantine Dr B,49.224295,-122.839066,49.224678,-122.837413
182.3,4377,7,6,1,North,335 North Rd,335 North Rd E,49.244337,-122.892652,49.244461,-122.891422
182.0,16376,55,54,1,Rambler,2850 Rambler Way,2850 Rambler Way 154,49.285459,-122.808122,49.285509,-122.806887
182.0,304,1,1,1,Glen,2865 Glen Dr 22,2865 Glen Dr 22,49.282743,-122.802639,49.284286,-122.802551
181.9,307,1,1,1,Glen,2865 Glen Dr 20,2865 Glen Dr 20,49.282745,-122.802929,49.284251,-122.802847
181.9,290,1,1,1,Glen,2865 Glen Dr 21,2865 Glen Dr 21,49.282744,-122.802781,49.284251,-122.802700
181.8,282,1,1,1,Glen,2865 Glen Dr 19,2865 Glen Dr 19,49.282745,-122.803067,49.284252,-122.802992
181.6,1404,1,0,1,Highland,3308 Highland Dr,3308 Highland Dr,49.300219,-122.761245,49.298941,-122.761169
181.6,384,1,1,1,Glen,2865 Glen Dr 15,2865 Glen Dr 15,49.282748,-122.803493,49.284200,-122.803563
181.5,16402,1,0,1,Dollar,1308 Dollar Cres,1308 Dollar Cres,49.291549,-122.736718,49.291693,-122.737747
181.0,4534,1,0,1,Walton,2851 Walton Ave,2851 Walton Ave,49.289964,-122.804549,49.291028,-122.804708
180.8,24461,113,112,1,Mitchell,1310 Mitchell St,1310 Mitchell St 212,49.291199,-122.739019,49.291763,-122.740017
180.3,12390,1,0,1,Edwards,1375 Edwards St,1375 Edwards St,49.294975,-122.719944,49.295627,-122.719217
179.9,9800,2,1,1,Runnel,2665 Runnel Dr,2665 Runnel Dr 211,49.278830,-122.812169,49.279201,-122.813376
179.9,11373,106,105,1,Smith,600 Smith Ave,600 Smith Ave 336,49.260256,-122.886199,49.259850,-122.887313
179.2,326,1,1,1,Glen,2865 Glen Dr 46,2865 Glen Dr 46,49.282742,-122.801939,49.284281,-122.802139
179.1,13053,1,0,1,Brigantine,1751 Brigantine Dr,1751 Brigantine Dr,49.224593,-122.841631,49.225154,-122.842557
179.0,7543,1,0,1,Cedar,4163 Cedar Dr,4163 Cedar Dr,49.288834,-122.727183,49.289589,-122.727523
178.9,13702,1,0,1,Brigantine,68 Brigantine Dr,68 Brigantine Dr,49.225594,-122.849364,49.226045,-122.850058
178.6,13141,9,8,1,King Edward,7 King Edward St,7 King Edward St 108,49.227356,-122.861585,49.227685,-122.860387
178.5,26461,87,85,2,Pinetree,1380 Pinetree Way,2978 Whisper Way 9,49.296338,-122.789757,49.296155,-122.788916
178.5,475,1,1,1,Glen,2865 Glen Dr 26,2865 Glen Dr 26,49.282752,-122.804533,49.284221,-122.804363
178.4,5745,1,0,1,Pipeline,1454 Pipeline Rd,1454 Pipeline Rd,49.302740,-122.775554,49.302611,-122.776738
178.3,11730,51,50,1,Johnson,1235 Johnson St,1235 Johnson St 9,49.286346,-122.801538,49.286697,-122.800342
178.2,5455,1,0,1,Eagleridge,1141 Eagleridge Dr,1141 Eagleridge Dr,49.283298,-122.812811,49.282627,-122.812606
177.5,8222,1,0,1,Litchfield,3630 Litchfield Ave,3630 Litchfield Ave,49.293049,-122.726337,49.292332,-122.727398
177.4,17935,1,0,0,Gatensbury,Gatensbury St,Gatensbury St,49.260268,-122.856565,49.260727,-122.857361
177.4,8094,9,8,1,Cayer,224 Cayer St,224 Cayer St 9,49.236695,-122.846714,49.236924,-122.847937
177.3,1487,1,0,0,Brigantine,Brigantine Dr,Brigantine Dr,49.225379,-122.849222,49.224089,-122.849976
176.8,15180,1,0,1,Dacre,2891 Dacre Ave,2891 Dacre Ave,49.272618,-122.801715,49.273543,-122.800775
176.8,13171,172,170,2,Packard,2860 Packard Ave,2880 Packard Ave 330,49.279984,-122.801874,49.279459,-122.802871
176.7,13430,1,0,1,Paddock,1770 Paddock Dr,1770 Paddock Dr,49.312149,-122.787437,49.312398,-122.788254
176.7,8484,1,0,1,Cedar,4155 Cedar Dr,4155 Cedar Dr,49.288744,-122.728736,49.289420,-122.728304
176.7,17055,139,138,1,Dufferin,1142 Dufferin St,1142 Dufferin St 387,49.279986,-122.804022,49.280066,-122.804876
176.5,13255,123,121,2,Packard,2865 Packard Ave,2885 Packard Ave 9,49.279985,-122.803851,49.280441,-122.802855
176.0,12790,1,0,1,Queenston,3456 Queenston Ave,3456 Queenston Ave,49.297563,-122.751560,49.296950,-122.750533
176.0,13939,1,0,1,Pipeline,1917 Pipeline Rd,1917 Pipeline Rd,49.331688,-122.770753,49.331509,-122.771660
175.9,13291,1,0,1,Spuraway,2601 Spuraway Ave,2601 Spuraway Ave,49.263248,-122.815864,49.263933,-122.816008
175.9,15018,2,0,2,Tupper,100 Woolridge St,938 Tupper Ave,49.233627,-122.868983,49.234113,-122.869879
175.2,17513,1,0,1,Millside,88 Millside St,88 Millside St,49.228933,-122.856911,49.229556,-122.857844
174.9,15829,1,0,1,Crouch,3665 Crouch Ave,3665 Crouch Ave,49.296640,-122.724654,49.297022,-122.723636
174.9,630,1,0,0,United,United Blvd,United Blvd,49.228858,-122.847108,49.230083,-122.847355
174.9,2306,6,4,2,Pipeline,2040 Pipeline Rd,2050 Pipeline Rd 4,49.337848,-122.771760,49.337535,-122.771260
174.7,11939,1,0,1,Brigantine,95 Brigantine Dr,95 Brigantine Dr,49.227893,-122.848829,49.227465,-122.847788
174.6,9430,1,0,1,Seki,1060 Seki Ave,1060 Seki Ave,49.227273,-122.862767,49.226565,-122.862116
173.9,351,1,1,1,Glen,2865 Glen Dr 14,2865 Glen Dr 14,49.282748,-122.803590,49.284147,-122.803680
173.8,15487,45,44,1,Falcon,1190 Falcon Dr,1190 Falcon Dr 9,49.283457,-122.819409,49.284282,-122.820432
173.4,14594,1,0,1,Devon,1128 Devon St,1128 Devon St,49.278567,-122.729181,49.279032,-122.730102
173.4,9038,12,11,1,Blue Mountain,75 Blue Mountain St,75 Blue Mountain St 9,49.234505,-122.873096,49.234111,-122.871950
173.2,14105,34,33,1,Barnet,2660 Barnet Hwy,2660 Barnet Hwy 135,49.277832,-122.812941,49.277166,-122.813717
173.2,13249,9,8,1,North,405 North Rd,405 North Rd 6,49.246420,-122.892630,49.246731,-122.891503
172.7,6094,1,0,1,Pipeline,1450 Pipeline Rd,1450 Pipeline Rd,49.302381,-122.775791,49.302249,-122.777052
172.7,23806,4,3,1,United,1335 United Blvd,1335 United Blvd 102,49.229490,-122.853808,49.230190,-122.853582
172.6,8615,42,41,1,Galloway,3395 Galloway Ave,3395 Galloway Ave 9,49.294845,-122.754462,49.295500,-122.754793
172.0,12872,40,39,1,Decaire,310 Decaire St,310 Decaire St 408,49.241952,-122.849415,49.242063,-122.850584
171.9,18336,1,0,1,Christmas,2968 Christmas Way,2968 Christmas Way,49.273907,-122.795970,49.273707,-122.797302
171.8,3511,1,0,1,Fawcett,15 Fawcett Rd,15 Fawcett Rd,49.222971,-122.834134,49.222657,-122.834110
171.7,4006,11,10,1,Cayer,228 Cayer St,228 Cayer St 9,49.237146,-122.846715,49.237260,-122.847935
171.7,11238,1,0,1,Fawcett,77 Fawcett Rd,77 Fawcett Rd,49.228251,-122.834245,49.227624,-122.833207
171.4,15275,54,53,2,Baycrest,3517 Baycrest Ave,3529 Baycrest Ave 153,49.288404,-122.739923,49.288934,-122.739297
171.1,19716,1,0,1,Golden,120 Golden Dr,120 Golden Dr,49.233196,-122.822840,49.233636,-122.823261
170.9,3809,1,0,1,Cayer,218 Cayer St,218 Cayer St,49.236547,-122.846714,49.236594,-122.847939
170.6,12715,42,40,2,Decaire,300 Decaire St,315 Schoolhouse St 40,49.241469,-122.852518,49.242191,-122.852111
170.1,13774,160,156,4,Dayanee Springs,3110 Dayanee Springs Blvd,3138 Dayanee Springs Blvd 8,49.293659,-122.783561,49.293370,-122.784205
170.1,9121,1,0,1,United,2370 United Blvd,2370 United Blvd,49.226799,-122.826228,49.226055,-122.825670
170.0,8412,23,22,1,Schoolhouse,250 Schoolhouse St,250 Schoolhouse St 120,49.238380,-122.852499,49.238136,-122.853658
169.7,6599,1,0,1,Falcon,1090 Falcon Dr,1090 Falcon Dr,49.276944,-122.818409,49.277110,-122.819603
169.6,2,1,0,1,Millard,3360 Millard Ave,3360 Millard Ave,49.296597,-122.757245,49.295083,-122.757254
169.4,11102,1,0,1,Glacier,51 Glacier St,51 Glacier St,49.228399,-122.817415,49.227846,-122.816678
169.4,14341,1,0,1,Princeton,3456 Princeton Ave,3456 Princeton Ave,49.298505,-122.751230,49.297983,-122.750277
169.2,11145,9,8,1,Lumber,1150 Lumber Alley,1150 Lumber Alley Unit 108,49.228743,-122.861386,49.228413,-122.860387
169.2,19158,60,59,1,Soball,1295 Soball St,1295 Soball St 9,49.290591,-122.749034,49.290804,-122.747856
168.4,11772,15,12,6,Clipper,53 Clipper St,63 Clipper St B,49.227552,-122.853029,49.226972,-122.852197
168.3,5822,1,0,1,Pipeline,1458 Pipeline Rd,1458 Pipeline Rd,49.303100,-122.775314,49.302870,-122.776578
168.3,18776,1,0,1,Pinetree,1300 Pinetree Way,1300 Pinetree Way,49.292186,-122.790212,49.291616,-122.791221
167.6,18447,1,0,1,Guildford,3038 Guildford Way,3038 Guildford Way,49.284715,-122.791524,49.284120,-122.791559
167.6,9707,1,0,1,Fraser Mills,1115 Fraser Mills Dr,1115 Fraser Mills Dr,49.226618,-122.861512,49.226735,-122.859747
167.5,2866,1,0,1,Amber,2517 Amber Crt,2517 Amber Crt,49.305269,-122.820678,49.305621,-122.820113
167.5,1173,5,5,1,Schoolhouse,100 Schoolhouse St 406,100 Schoolhouse St 888,49.234116,-122.852553,49.233891,-122.854600
167.5,6824,52,50,2,Adair,976 Adair Ave,990 Adair Ave 318,49.236775,-122.867442,49.236491,-122.866595
167.4,7593,239,236,3,Austin,545 Austin Ave,555 Austin Ave 904,49.249090,-122.888136,49.249638,-122.889552
167.2,15463,1,0,1,Pipeline,1681 Pipeline Rd,1681 Pipeline Rd,49.316094,-122.770921,49.316522,-122.770301
167.2,6824,1,0,1,Schoolhouse,266 Schoolhouse St,266 Schoolhouse St,49.238791,-122.852496,49.238588,-122.853678
167.0,375,1,1,1,Glen,2865 Glen Dr 47,2865 Glen Dr 47,49.282744,-122.802121,49.284182,-122.802141
166.8,15250,1,0,1,Pipeline,1430 Pipeline Rd,1430 Pipeline Rd,49.300835,-122.776785,49.301640,-122.777273
166.6,20710,52,51,1,Pinetree,1685 Pinetree Way,1685 Pinetree Way 151,49.307188,-122.785640,49.307747,-122.784824
166.6,4965,1,0,1,Eagleridge,1140 Eagleridge Dr,1140 Eagleridge Dr,49.281936,-122.813881,49.282572,-122.813945
166.1,3069,1,0,1,MacIntosh,1015 MacIntosh St,1015 MacIntosh St,49.269561,-122.865773,49.270559,-122.864937
166.0,15144,47,46,1,Fawcett,17 Fawcett Rd,17 Fawcett Rd 343,49.222971,-122.834134,49.222623,-122.833137
165.3,322,1,1,1,Glen,2865 Glen Dr 13,2865 Glen Dr 13,49.282749,-122.803703,49.284111,-122.803814
164.7,14476,3,2,1,United,1315 United Blvd,1315 United Blvd 2,49.229710,-122.855518,49.230445,-122.855474
164.5,5293,1,0,1,Mason,3345 Mason Ave,3345 Mason Ave,49.289307,-122.759136,49.290027,-122.759692
164.2,5438,150,147,3,Glen,3061 Glen Dr,3081 Glen Dr 404E,49.282663,-122.788118,49.282936,-122.789183
164.2,4489,1,0,1,Bend,1000 Bend Crt,1000 Bend Crt,49.269315,-122.853522,49.270024,-122.853172
164.0,4047,1,0,1,Dewdney Trunk,2761 Dewdney Trunk Rd,2761 Dewdney Trunk Rd,49.274462,-122.806198,49.275028,-122.805502
164.0,5672,1,0,1,Smith,579 Smith Ave,579 Smith Ave,49.260266,-122.886736,49.261060,-122.886781
163.9,25894,89,88,1,Princeton,3306 Princeton Ave,3306 Princeton Ave 9,49.298510,-122.762636,49.297945,-122.762705
163.8,9570,16,0,16,Crawley,2600 Crawley Ave,2630 Crawley Ave,49.246660,-122.818853,49.247006,-122.817071
163.6,12140,1,0,1,Golden,100 Golden Dr,100 Golden Dr,49.232501,-122.824253,49.233330,-122.824531
163.5,6422,1,0,1,Coy,3244 Coy Ave,3244 Coy Ave,49.306979,-122.764624,49.307285,-122.765613
163.3,10901,1,0,1,Fawcett,63 Fawcett Rd,63 Fawcett Rd,49.227346,-122.834224,49.226961,-122.833193
163.1,8743,1,0,1,Cottonwood,560 Cottonwood Ave,560 Cottonwood Ave,49.258829,-122.888412,49.257925,-122.888405
163.0,4654,1,0,1,Pheasant,2976 Pheasant St,2976 Pheasant St,49.273495,-122.796392,49.272843,-122.796221
162.9,12132,1,0,1,Collins,1428 Collins Rd,1428 Collins Rd,49.299412,-122.761452,49.298994,-122.762567
162.9,6192,3,2,1,Christmas,3000 Christmas Way,3000 Christmas Way 201,49.272002,-122.792556,49.271323,-122.791884
162.9,3334,1,0,1,Stoneridge,1521 Stoneridge Lane,1521 Stoneridge Lane,49.301775,-122.822157,49.302151,-122.821946
162.7,9425,1,0,1,Lougheed,688 Lougheed Hwy,688 Lougheed Hwy,49.240964,-122.883807,49.240418,-122.883576
162.3,11367,1,0,1,Victoria,3688 Victoria Dr,3688 Victoria Dr,49.294321,-122.722711,49.293952,-122.722128
162.3,10904,38,37,1,Norman,2910 Norman Ave,2910 Norman Ave 137,49.270569,-122.799637,49.269808,-122.799449
162.1,16008,11,10,1,Lougheed,1090 Lougheed Hwy,1090 Lougheed Hwy 214,49.234694,-122.863029,49.234145,-122.863123
161.9,7989,2,1,1,North Bend,96 North Bend St,96 North Bend St 2,49.231865,-122.820832,49.232518,-122.821316
161.7,5608,1,0,0,Railroad,Railroad,Railroad,49.236207,-122.883302,49.236391,-122.884260
161.7,8058,1,0,1,Mason,3291 Mason Ave,3291 Mason Ave,49.289309,-122.760800,49.289993,-122.760407
161.4,1151,1,0,1,Gabriola,1331 Gabriola Dr,1331 Gabriola Dr,49.293391,-122.775055,49.293561,-122.773308
161.3,12618,1,0,1,Pipeline,1641 Pipeline Rd,1641 Pipeline Rd,49.314729,-122.769633,49.315349,-122.769445
161.2,11622,1,0,1,Sunset,568 Sunset Ave,568 Sunset Ave,49.241193,-122.888554,49.240704,-122.888139
160.8,2845,1,0,0,Hockaday,Hockaday St,Hockaday St,49.296817,-122.772740,49.296521,-122.771647
160.7,21936,86,85,1,Soball,1305 Soball St,1305 Soball St 9,49.292398,-122.749575,49.292558,-122.748711
160.5,10214,1,0,1,Silverthrone,3134 Silverthrone Dr,3134 Silverthrone Dr,49.301802,-122.779875,49.301160,-122.779463
160.3,20291,3,0,3,Fawcett,25 Fawcett Rd,31 Fawcett Rd,49.223955,-122.834154,49.223956,-122.833130
160.3,10598,1,0,1,Victoria,3640 Victoria Dr,3640 Victoria Dr,49.292024,-122.727294,49.291254,-122.726779
160.2,3137,1,0,1,MacIntosh,1010 MacIntosh St,1010 MacIntosh St,49.269561,-122.865773,49.270564,-122.866457
160.1,13734,1,0,1,Rogers,2319 Rogers Ave,2319 Rogers Ave,49.224629,-122.826477,49.225055,-122.827397
160.1,12988,19,15,8,Clipper,65 Clipper St,79 Clipper St,49.228445,-122.852820,49.227990,-122.851840
159.6,9905,41,40,1,Pinetree,1320 Pinetree Way,1320 Pinetree Way 140,49.292186,-122.790212,49.292540,-122.791289
159.6,6858,1,0,1,Gordon,3020 Gordon Ave,3020 Gordon Ave,49.270533,-122.791876,49.270709,-122.792965
159.5,13243,1,0,1,Pier,3100 Pier Dr,3100 Pier Dr,49.275182,-122.815195,49.274728,-122.815638
159.1,8542,2,1,1,Lougheed,631 Lougheed Hwy,631 Lougheed Hwy 1,49.241860,-122.885174,49.242024,-122.884678
158.9,13492,65,64,1,Begin,98 Begin St,98 Begin St 9,49.238281,-122.859801,49.237983,-122.860643
158.5,8689,1,0,0,Baker,Baker Dr,Baker Dr,49.265784,-122.825278,49.265690,-122.824291
158.5,10198,135,133,2,Rochester,401 Westview St,545 Rochester Ave 322,49.245486,-122.890034,49.246040,-122.889024
157.9,8742,1,0,1,Coast Meridian,1358 Coast Meridian Rd,1358 Coast Meridian Rd,49.296354,-122.755954,49.295821,-122.756510
157.9,9141,1,0,1,Dayton,1541 Dayton St,1541 Dayton St,49.307366,-122.751581,49.306873,-122.750668
157.8,9657,1,0,1,Victoria,3507 Victoria Dr,3507 Victoria Dr,49.285745,-122.741213,49.286242,-122.741628
157.8,7930,9,8,1,Barnet,2560 Barnet Hwy,2560 Barnet Hwy 118,49.277844,-122.818674,49.277476,-122.819596
157.7,10940,33,30,3,Lansdowne,1192 Lansdowne Dr,1196 Lansdowne Dr 108,49.283258,-122.809009,49.283529,-122.810053
157.6,12876,16,14,2,Hartley,1850 Hartley Ave,68 Schooner St 7,49.225954,-122.840481,49.225754,-122.841446
157.6,6159,70,69,1,Ducklow,715 Ducklow St,715 Ducklow St 253,49.261557,-122.882039,49.260742,-122.881529
157.6,10725,1,0,1,Hartley,1650 Hartley Ave,1650 Hartley Ave,49.226635,-122.844851,49.226087,-122.844104
157.5,8334,130,128,2,Pacific,1200 Pacific St,1210 Pacific St 417,49.284103,-122.798186,49.284539,-122.799005
157.4,10450,1,0,1,Fawcett,26 Fawcett Rd,26 Fawcett Rd,49.223956,-122.834154,49.223593,-122.835134
157.1,11608,1,0,1,United,2330 United Blvd,2330 United Blvd,49.227071,-122.827249,49.226272,-122.827863
157.0,10558,5,4,1,Golden,185 Golden Dr,185 Golden Dr 200,49.233311,-122.820561,49.233959,-122.819985
156.9,10450,1,0,1,Fawcett,32 Fawcett Rd,32 Fawcett Rd,49.224689,-122.834180,49.224324,-122.835150
156.8,3869,1,0,1,Glen,2877 Glen Dr,2877 Glen Dr,49.282747,-122.803404,49.283343,-122.802538
156.4,8659,1,0,1,Panorama,2500 Panorama Dr,2500 Panorama Dr,49.300940,-122.821609,49.300339,-122.822237
156.3,7172,51,50,1,Gatensbury,657 Gatensbury St,657 Gatensbury St 149,49.256298,-122.857615,49.256646,-122.856351
156.3,8652,1,0,1,Noons Creek,1415 Noons Creek Dr,1415 Noons Creek Dr,49.296412,-122.818066,49.295834,-122.817336
156.2,4000,1,0,1,Hockaday,1393 Hockaday St,1393 Hockaday St,49.298195,-122.772691,49.298314,-122.771548
156.2,10791,1,0,1,Foster,1415 Foster Ave,1415 Foster Ave,49.256145,-122.854329,49.256722,-122.853621
156.1,8153,1,0,1,Victoria,3669 Victoria Dr,3669 Victoria Dr,49.293992,-122.723528,49.294542,-122.724114
155.7,4712,259,256,4,Lincoln,1123 Westwood St,3086 Lincoln Ave 106,49.278465,-122.790500,49.278724,-122.789670
155.3,8056,18,9,12,Fawcett,2221 Hartley Ave,61 Fawcett Rd B,49.225916,-122.834195,49.226347,-122.833180
155.2,8542,3,0,3,Burbidge,2380 United Blvd,50 Burbidge St,49.225242,-122.823900,49.225811,-122.824507
155.2,8807,1,0,1,Lougheed,1601 Lougheed Hwy,1601 Lougheed Hwy,49.231753,-122.848103,49.232546,-122.848602
154.8,7587,1,0,1,Coast Meridian,1478 Coast Meridian Rd,1478 Coast Meridian Rd,49.305020,-122.755789,49.304768,-122.756259
154.8,15639,1,0,1,Victoria,3711 Victoria Dr,3711 Victoria Dr,49.297366,-122.717069,49.297893,-122.717836
154.6,12143,9,8,1,Glacier,155 Glacier St,155 Glacier St 112,49.235102,-122.817549,49.235767,-122.816983
154.3,7889,1,0,1,Harper,3510 Harper Rd,3510 Harper Rd,49.303314,-122.742441,49.302874,-122.743509
154.3,7386,1,0,1,Victoria,3632 Victoria Dr,3632 Victoria Dr,49.291608,-122.727937,49.290987,-122.727505
154.1,18130,2,0,2,Brigantine,1400 Brigantine Dr,1450 Brigantine Dr,49.225342,-122.849060,49.224550,-122.849128
154.0,6435,4,0,4,Lougheed,1055 Lougheed Hwy,1085 Lougheed Hwy,49.235598,-122.866502,49.235728,-122.865498
153.8,10134,1,0,1,Burke Mountain,1259 Burke Mountain St,1259 Burke Mountain St,49.288450,-122.745006,49.288927,-122.744080
153.6,4891,1,0,1,Rochester,738 Rochester Ave,738 Rochester Ave,49.245389,-122.879523,49.244671,-122.879770
153.2,3139,1,0,1,Laurentian,331 Laurentian Cres,331 Laurentian Cres,49.240686,-122.844180,49.240638,-122.843013
153.2,10760,8,7,1,King Edward,10 King Edward St,10 King Edward St 202,49.227356,-122.861585,49.227834,-122.862406
153.0,17846,55,54,2,Lansdowne,1495 Lansdowne Dr 140,2880 Panorama Dr 139,49.296285,-122.812254,49.296825,-122.812420
153.0,8097,1,0,1,Fawcett,41 Fawcett Rd,41 Fawcett Rd,49.225250,-122.834187,49.224964,-122.833152
153.0,10719,7,6,1,King Edward,12 King Edward St,12 King Edward St 205,49.228313,-122.861586,49.228790,-122.862407
152.7,9787,1,0,1,Glen,3022 Glen Dr,3022 Glen Dr,49.282674,-122.791287,49.281998,-122.792108
152.7,6826,2,0,2,Schoolhouse,1504 Sprice Ave,655 Schoolhouse St,49.257095,-122.852191,49.256916,-122.851101
152.7,5332,61,59,2,Ridgeway,1201 Ridgeway Ave,1209 Ridgeway Ave 513,49.249638,-122.860100,49.249879,-122.859098
152.6,12342,25,24,1,Austin,2662 Austin Ave,2662 Austin Ave 9,49.249088,-122.816816,49.248645,-122.817250
152.6,2321,1,0,0,Hampton,Hampton Green,Hampton Green,49.313484,-122.782152,49.313668,-122.782339
152.6,11031,1,0,1,Lucille Starr,1401 Lucille Starr Dr,1401 Lucille Starr Dr,49.236607,-122.854469,49.237013,-122.854235
152.5,10282,55,54,1,Atlin,2736 Atlin Pl,2736 Atlin Pl 9,49.248058,-122.814404,49.248608,-122.814015
152.3,2715,1,0,1,Cottonwood,562 Cottonwood Ave,562 Cottonwood Ave,49.258822,-122.887732,49.257893,-122.887567
152.3,4186,1,0,1,Rochester,1221 Rochester Ave,1221 Rochester Ave,49.245017,-122.856157,49.245732,-122.855933
152.3,8948,28,27,1,Paddock,1765 Paddock Dr,1765 Paddock Dr 9,49.311215,-122.787534,49.310688,-122.786795
152.1,10803,6,5,1,United,1368 United Blvd,1368 United Blvd 201,49.229319,-122.852221,49.228712,-122.851749
152.0,12537,1,0,1,Aberdeen,2796 Aberdeen Ave,2796 Aberdeen Ave,49.277115,-122.803294,49.276228,-122.803818
151.9,7325,8,7,1,Lougheed,641 Lougheed Hwy,641 Lougheed Hwy 106,49.240885,-122.883397,49.241809,-122.883767
151.9,16261,1,0,1,Brunette,1800 Brunette Ave,1800 Brunette Ave,49.236709,-122.842731,49.236751,-122.843451
151.6,11184,1,0,1,United,2401 United Blvd,2401 United Blvd,49.226269,-122.823658,49.226785,-122.822911
151.6,3628,1,0,1,Coronation,1135 Coronation Cres,1135 Coronation Cres,49.280504,-122.821917,49.279472,-122.821413
151.3,16935,1,0,1,Bishop,3479 Bishop Pl,3479 Bishop Pl,49.299222,-122.744255,49.299582,-122.744975
151.2,8076,117,115,2,Windsor,1135 Windsor Mews,3107 Windsor Gate 418,49.279761,-122.784471,49.280230,-122.785372
151.2,3856,1,0,1,Fawcett,88 Fawcett Rd,88 Fawcett Rd,49.228185,-122.834245,49.227873,-122.835847
151.1,10893,1,0,1,Pipeline,1536 Pipeline Rd,1536 Pipeline Rd,49.308410,-122.773439,49.308838,-122.774255
151.0,11290,5,4,1,Brigantine,1455 Brigantine Dr,1455 Brigantine Dr 4,49.225341,-122.849059,49.225795,-122.848235
151.0,9030,29,28,1,Falcon,1210 Falcon Dr,1210 Falcon Dr 130,49.285116,-122.817990,49.285169,-122.819002
150.8,8107,2,0,2,Christmas,2990 Gordon Ave,2998 Christmas Way,49.272328,-122.793365,49.271865,-122.793816
150.7,10863,52,51,1,Southview,1460 Southview St,1460 Southview St 153,49.302741,-122.754119,49.303218,-122.754905
150.2,4001,1,0,1,Hockaday,1389 Hockaday St,1389 Hockaday St,49.297879,-122.772704,49.298007,-122.771605
150.0,10501,156,154,2,Princess,2970 Princess Cres,2980 Princess Cres 439,49.285988,-122.795728,49.285619,-122.796372
149.9,7828,1,0,1,Parkland,1177 Parkland Dr,1177 Parkland Dr,49.287028,-122.769597,49.286755,-122.770384
149.7,9215,1,0,1,Abbey,3345 Abbey Lane,3345 Abbey Lane,49.295775,-122.763111,49.296049,-122.761833
149.7,19523,243,237,6,David,2951 Silver Springs Blvd,2985 David Ave,49.294810,-122.791330,49.295563,-122.791615
149.6,8492,19,18,1,Fawcett,16 Fawcett Rd,16 Fawcett Rd 115,49.222971,-122.834134,49.222647,-122.835087
149.6,2888,1,0,1,Litchfield,3626 Litchfield Ave,3626 Litchfield Ave,49.293069,-122.727790,49.292530,-122.727955
149.5,15296,6,5,1,Brigantine,1650 Brigantine Dr,1650 Brigantine Dr 500,49.224746,-122.844240,49.224269,-122.844821
149.5,3486,1,0,1,Laurentian,335 Laurentian Cres,335 Laurentian Cres,49.240952,-122.844111,49.240825,-122.843018
149.4,7053,1,0,1,Litchfield,3643 Litchfield Ave,3643 Litchfield Ave,49.293061,-122.727399,49.293588,-122.726392
149.1,3279,1,0,1,Laurentian,343 Laurentian Cres,343 Laurentian Cres,49.241381,-122.844108,49.241263,-122.843016
149.1,10887,1,0,1,Pipeline,1530 Pipeline Rd,1530 Pipeline Rd,49.307430,-122.773697,49.307935,-122.774383
149.0,3177,1,0,1,Laurentian,341 Laurentian Cres,341 Laurentian Cres,49.241164,-122.844109,49.241048,-122.843017
149.0,11530,1,0,1,Robson,3345 Robson Dr,3345 Robson Dr,49.299892,-122.773348,49.300291,-122.774318
148.8,8095,17,16,1,Fawcett,42 Fawcett Rd,42 Fawcett Rd 117,49.225255,-122.834187,49.224973,-122.835164
148.5,10355,130,128,2,Burlington,2968 Burlington Dr,2978 Burlington Dr 416,49.284294,-122.797416,49.283824,-122.796724
148.3,8882,1,0,1,Fawcett,68 Fawcett Rd,68 Fawcett Rd,49.227066,-122.834217,49.227320,-122.835212
148.2,3842,1,0,1,Walton,2855 Walton Ave,2855 Walton Ave,49.289964,-122.804252,49.290546,-122.804113
148.0,6611,3,2,1,United,1655 United Blvd,1655 United Blvd A,49.228521,-122.843796,49.229125,-122.844936
148.0,5325,2,1,1,Lansdowne,1099 Lansdowne Dr,1099 Lansdowne Dr 101,49.277008,-122.808380,49.276744,-122.807665
148.0,11747,106,104,2,Johnson,1150 Johnson St,1160 Johnson St 320,49.281965,-122.801712,49.281430,-122.802440
147.9,3175,1,0,1,Porter,1015 Porter St,1015 Porter St,49.269762,-122.863001,49.270538,-122.862176
147.8,5621,19,18,1,North,341 North Rd,341 North Rd K,49.244753,-122.892596,49.244908,-122.891831
147.7,4686,68,67,1,Blue Mountain,440 Blue Mountain St,440 Blue Mountain St 7,49.247218,-122.871272,49.247613,-122.871198
147.6,6220,1,0,1,Arrowsmith,3167 Arrowsmith Pl,3167 Arrowsmith Pl,49.303424,-122.779938,49.303675,-122.778988
147.4,6828,4,3,1,Golden,169 Golden Dr,169 Golden Dr 3,49.233306,-122.821470,49.233968,-122.821113
147.2,2463,1,0,1,Laurentian,347 Laurentian Cres,347 Laurentian Cres,49.241381,-122.844108,49.241438,-122.843016
147.1,313,1,1,1,Glen,2865 Glen Dr 12,2865 Glen Dr 12,49.282749,-122.803868,49.283940,-122.803976
147.0,8780,1,0,1,Blue Mountain,450 Blue Mountain St,450 Blue Mountain St,49.248738,-122.869474,49.248321,-122.870675
146.9,17823,68,67,1,Inlet,1144 Inlet St,1144 Inlet St 9,49.281473,-122.783710,49.282173,-122.784351
146.5,8962,66,65,1,King Albert,1320 King Albert Ave,1320 King Albert Ave 322,49.251415,-122.855975,49.250721,-122.856269
146.5,16794,2,0,2,Burbidge,20 Burbidge St,2380 Rogers Ave,49.223926,-122.825700,49.224083,-122.825179
146.5,348,1,1,1,Glen,2865 Glen Dr 76,2865 Glen Dr 76,49.282746,-122.803240,49.283999,-122.803054
146.4,10707,1,0,1,Westwood,791 Westwood St,791 Westwood St,49.263093,-122.796971,49.262312,-122.796304
146.3,16263,4,0,4,Burlington,2986 Guildford Way,3003 Burlington Dr,49.283758,-122.793192,49.283926,-122.793947
146.2,566,1,0,1,Dewdney Trunk,2749 Dewdney Trunk Rd,2749 Dewdney Trunk Rd,49.275143,-122.807088,49.275341,-122.806300
145.9,24303,61,60,1,Plateau,3405 Plateau Blvd,3405 Plateau Blvd 9,49.319763,-122.791953,49.320126,-122.791161
145.9,407,1,1,1,Glen,2865 Glen Dr 52,2865 Glen Dr 52,49.282744,-122.802731,49.283908,-122.802619
145.7,329,1,1,1,Glen,2865 Glen Dr 51,2865 Glen Dr 51,49.282743,-122.802368,49.283913,-122.802447
145.7,8331,1,0,1,Cedar,4251 Cedar Dr,4251 Cedar Dr,49.292514,-122.719772,49.292764,-122.720659
145.7,6839,1,0,1,Herrmann,862 Herrmann St,862 Herrmann St,49.265680,-122.796819,49.265291,-122.797685
145.6,6296,10,9,1,Barnet,2764 Barnet Hwy,2764 Barnet Hwy 203,49.277695,-122.805593,49.277369,-122.806534
145.5,306,1,1,1,Glen,2865 Glen Dr 48,2865 Glen Dr 48,49.282742,-122.801949,49.283921,-122.802008
145.4,305,1,1,1,Glen,2865 Glen Dr 49,2865 Glen Dr 49,49.282744,-122.802225,49.283920,-122.802156
145.4,2910,1,0,1,Dewdney Trunk,2948 Dewdney Trunk Rd,2948 Dewdney Trunk Rd,49.268146,-122.797642,49.267431,-122.797968
145.3,309,1,1,1,Glen,2865 Glen Dr 50,2865 Glen Dr 50,49.282743,-122.802274,49.283917,-122.802301
145.3,10233,66,65,1,Foster,548 Foster Ave,548 Foster Ave 165,49.256770,-122.887589,49.256388,-122.888213
145.3,10786,3,2,1,United,1311 United Blvd,1311 United Blvd 103,49.230212,-122.857648,49.230721,-122.856846
145.0,4670,1,0,1,Calgary,1428 Calgary Dr,1428 Calgary Dr,49.300128,-122.711524,49.299949,-122.712536
144.8,4661,1,0,1,Calgary,1430 Calgary Dr,1430 Calgary Dr,49.300448,-122.711521,49.300269,-122.712532
144.7,9157,1,0,1,North Bend,93 North Bend St,93 North Bend St,49.231834,-122.820831,49.232255,-122.819989
144.7,7591,2,1,1,United,2441 United Blvd,2441 United Blvd 200,49.226677,-122.820529,49.226728,-122.821432
144.6,5408,1,0,1,Dewdney Trunk,2950 Dewdney Trunk Rd,2950 Dewdney Trunk Rd,49.268103,-122.797193,49.267424,-122.797516
144.6,13051,1,0,1,Pipeline,1491 Pipeline Rd,1491 Pipeline Rd,49.305787,-122.774129,49.305612,-122.773513
144.4,8741,1,0,1,Pinetree,1355 Pinetree Way,1355 Pinetree Way,49.295850,-122.787578,49.295327,-122.787006
144.3,7968,1,0,1,Aberdeen,2784 Aberdeen Ave,2784 Aberdeen Ave,49.277099,-122.806185,49.276548,-122.805562
144.2,7091,1,0,1,Johnson,1294 Johnson St,1294 Johnson St,49.291033,-122.800894,49.290615,-122.801753
144.1,11595,31,30,1,Panorama,2590 Panorama Dr,2590 Panorama Dr 9,49.299652,-122.819789,49.299852,-122.820835
143.9,12174,1,0,1,Pinetree,1140 Pinetree Way,1140 Pinetree Way,49.279671,-122.794319,49.280035,-122.794689
143.9,3892,1,0,1,Pipeline,1680 Pipeline Rd,1680 Pipeline Rd,49.317455,-122.772217,49.316947,-122.772127
143.9,2965,1,0,1,Harper,3599 Harper Rd,3599 Harper Rd,49.301399,-122.731982,49.301847,-122.732430
143.8,7493,1,0,1,Victoria,3690 Victoria Dr,3690 Victoria Dr,49.294839,-122.721749,49.294213,-122.721270
143.4,2420,1,0,1,Pika,2929 Pika Crt,2929 Pika Crt,49.302319,-122.787772,49.302032,-122.788048
143.4,6575,22,21,1,North,403 North Rd,403 North Rd 302,49.246420,-122.892630,49.245790,-122.891621
143.3,12133,11,10,1,Schoolhouse,100 Schoolhouse St,100 Schoolhouse St 405,49.233476,-122.852562,49.233799,-122.853308
143.3,335,1,1,1,Glen,2865 Glen Dr 53,2865 Glen Dr 53,49.282747,-122.803266,49.283896,-122.803299
143.1,7975,25,24,1,Plateau,3300 Plateau Blvd,3300 Plateau Blvd 9,49.316217,-122.790199,49.315551,-122.790377
142.9,9662,1,0,1,United,1539 United Blvd,1539 United Blvd,49.228871,-122.847254,49.229279,-122.846568
142.9,9077,1,0,1,United,2381 United Blvd,2381 United Blvd,49.226293,-122.823798,49.227025,-122.824085
141.9,9031,1,0,1,United,1500 United Blvd,1500 United Blvd,49.228771,-122.847277,49.228239,-122.846814
141.8,3072,1,0,1,Porter,1010 Porter St,1010 Porter St,49.269762,-122.863001,49.270551,-122.863695
141.7,8340,1,0,1,Leeder,25 Leeder St,25 Leeder St,49.224679,-122.829921,49.225041,-122.829040
141.4,3334,1,0,1,Lebleu,209 Lebleu St,209 Lebleu St,49.238142,-122.867525,49.238542,-122.866233
141.4,8654,1,0,1,Brigantine,1750 Brigantine Dr,1750 Brigantine Dr,49.224683,-122.842504,49.224204,-122.843228
141.2,10162,2,0,2,Woolridge,1101 Woolridge St,1111 Woolridge St,49.232519,-122.860015,49.232987,-122.860355
141.0,3595,1,0,1,MacIntosh,1005 MacIntosh St,1005 MacIntosh St,49.269561,-122.865773,49.270228,-122.864951
141.0,10831,1,0,1,Inlet,1160 Inlet St,1160 Inlet St,49.282322,-122.783245,49.283036,-122.784132
140.9,10663,137,135,2,Town Centre,1242 Town Centre Blvd,1252 Town Centre Blvd 436,49.287064,-122.794478,49.288046,-122.794838
140.9,8913,1,0,1,Casey,100 Casey St,100 Casey St,49.239762,-122.854869,49.239247,-122.854162
140.7,2993,1,0,1,Lougheed,655 Lougheed Hwy,655 Lougheed Hwy,49.240885,-122.883397,49.241548,-122.883106
140.6,8251,2,1,1,United,1348 United Blvd,1348 United Blvd C,49.229490,-122.853810,49.228780,-122.853409
140.4,4293,3,2,1,Fawcett,18 Fawcett Rd,18 Fawcett Rd 106,49.223225,-122.834140,49.223069,-122.835186
140.2,8604,5,4,1,Canoe,2445 Canoe Ave,2445 Canoe Ave 203,49.229737,-122.822371,49.230284,-122.821647
140.1,5892,1,0,1,David,3311 David Ave,3311 David Ave,49.294076,-122.767365,49.294828,-122.768021
139.9,7327,28,27,1,Princeton,3535 Princeton Ave,3535 Princeton Ave 9,49.295736,-122.742200,49.295663,-122.741072
139.8,9802,9,8,1,Austin,1020 Austin Ave,1020 Austin Ave 211,49.248958,-122.866977,49.248593,-122.866356
139.8,5485,1,0,1,Pipeline,1523 Pipeline Rd,1523 Pipeline Rd,49.306964,-122.773825,49.307166,-122.772948
139.6,13708,40,36,4,Mariner,2960 Mariner Way,2990 Mariner Way 9,49.266089,-122.814215,49.266036,-122.814813
139.6,7823,381,379,2,Austin,585 Austin Ave,595 Austin Ave 908,49.249062,-122.886074,49.249649,-122.886596
139.5,5353,1,0,1,McCoomb,2862 McCoomb Dr Park,2862 McCoomb Dr Park,49.282127,-122.804554,49.281525,-122.804443
139.5,5410,4,3,1,Fawcett,98 Fawcett Rd,98 Fawcett Rd 200,49.228505,-122.834235,49.228412,-122.835251
139.4,7716,3,2,1,Brigantine,1900 Brigantine Dr,1900 Brigantine Dr B,49.224583,-122.841530,49.223980,-122.841172
139.2,9510,259,248,11,Delestre,326 Loring St,583 Delestre Ave,49.241905,-122.888228,49.242217,-122.889075
139.0,7336,1,0,1,Glenbrook,1370 Glenbrook St,1370 Glenbrook St,49.296596,-122.759875,49.296377,-122.760719
138.9,6234,55,54,1,Dufferin,1155 Dufferin St,1155 Dufferin St 318,49.280993,-122.804006,49.281296,-122.803452
138.8,825,1,1,1,Rochester,725 Rochester Ave 4,725 Rochester Ave 4,49.245405,-122.880811,49.246360,-122.880917
138.5,805,1,1,1,Rochester,725 Rochester Ave 5,725 Rochester Ave 5,49.245403,-122.880611,49.246437,-122.880722
138.2,8360,6,5,1,Glacier,85 Glacier St,85 Glacier St 6,49.231813,-122.817561,49.231430,-122.816733
138.1,8093,2,1,1,North Bend,85 North Bend St,85 North Bend St B,49.231834,-122.820831,49.231473,-122.819977
137.8,6615,1,0,1,Como Lake,948 Como Lake Ave,948 Como Lake Ave,49.263558,-122.868957,49.263218,-122.869464
137.8,8635,1,0,1,Lansdowne,1460 Lansdowne Dr,1460 Lansdowne Dr,49.294222,-122.813401,49.294140,-122.814337
137.7,5128,16,15,1,Barnet,2710 Barnet Hwy,2710 Barnet Hwy 97,49.277826,-122.812003,49.277178,-122.811711
137.6,4762,68,66,2,King Albert,1134 King Albert Ave,1214 King Albert Ave 323,49.251421,-122.858055,49.251157,-122.858948
137.5,2180,3,2,1,Hart,232 Hart St,232 Hart St B,49.236475,-122.879805,49.236216,-122.880893
137.5,10017,2,1,1,United,1400 United Blvd,1400 United Blvd 1,49.228981,-122.848882,49.228430,-122.849543
137.4,6972,1,0,1,Brigantine,1500 Brigantine Dr,1500 Brigantine Dr,49.225218,-122.847833,49.224577,-122.847557
137.2,8046,1,0,1,Brownlee,3599 Brownlee Ave,3599 Brownlee Ave,49.297382,-122.732807,49.297860,-122.732370
137.2,3126,1,0,1,Riverbend,3004 Riverbend Dr,3004 Riverbend Dr,49.262085,-122.791270,49.261678,-122.791054
137.1,3550,1,0,1,Regan,1205 Regan Ave,1205 Regan Ave,49.261652,-122.857572,49.262161,-122.858564
137.0,3558,1,0,1,Regan,1175 Regan Ave,1175 Regan Ave,49.261665,-122.860084,49.262164,-122.859094
137.0,5672,1,0,1,Pipeline,1535 Pipeline Rd,1535 Pipeline Rd,49.307955,-122.773560,49.308189,-122.772625
136.7,6714,32,31,1,Southview,1480 Southview St,1480 Southview St 131,49.304293,-122.753801,49.304360,-122.754791
136.7,4623,1,0,1,Cedar,4110 Cedar Dr,4110 Cedar Dr,49.285834,-122.733512,49.286509,-122.732523
136.7,304,1,1,1,Glen,2865 Glen Dr 75,2865 Glen Dr 75,49.282744,-122.802837,49.283895,-122.803013
136.5,8037,2,0,2,Leeder,45 Leeder St,47 Leeder St,49.226611,-122.829947,49.226248,-122.829119
136.5,4593,1,0,1,Harbour,1869 Harbour Dr,1869 Harbour Dr,49.271509,-122.842312,49.272041,-122.842179
136.4,14204,1,0,1,Riley,1315 Riley St,1315 Riley St,49.293275,-122.744323,49.293091,-122.743802
136.3,300,1,1,1,Glen,2865 Glen Dr 11,2865 Glen Dr 11,49.282750,-122.804078,49.283871,-122.804076
136.3,3542,1,0,1,Wellington,3295 Wellington Crt,3295 Wellington Crt,49.288393,-122.760945,49.288597,-122.759710
136.3,14101,189,187,2,Princess,2985 Princess Cres,2995 Princess Cres 430,49.285988,-122.795728,49.286531,-122.795624
136.2,7492,62,60,2,Whiting,515 Whiting Way,523 Whiting Way 310,49.249619,-122.891766,49.249931,-122.890948
136.2,10795,1,0,1,Brigantine,1655 Brigantine Dr,1655 Brigantine Dr,49.224793,-122.844031,49.225297,-122.844398
136.1,9157,149,148,1,Eastwood,1199 Eastwood St,1199 Eastwood St 907,49.283581,-122.787962,49.283961,-122.787158
136.0,295,1,1,1,Glen,2865 Glen Dr 54,2865 Glen Dr 54,49.282748,-122.803443,49.283835,-122.803428
135.9,8106,1,0,1,Mason,3371 Mason Ave,3371 Mason Ave,49.289290,-122.756146,49.289725,-122.756862
135.8,7447,1,0,1,Darwin,3362 Darwin Ave,3362 Darwin Ave,49.287565,-122.758564,49.286992,-122.758242
135.8,8961,1,0,0,Glenbrook,Glenbrook St,Glenbrook St,49.294985,-122.759874,49.294877,-122.760929
135.6,7723,9,8,1,North Bend,86 North Bend St,86 North Bend St 108,49.231215,-122.820821,49.231487,-122.821666
135.5,5584,17,16,1,Lansdowne,1135 Lansdowne Dr,1135 Lansdowne Dr 9,49.279574,-122.808345,49.279265,-122.807476
135.5,4595,1,0,1,Martin,1504 Martin St,1504 Martin St,49.306073,-122.761307,49.306226,-122.760322
135.3,4079,1,0,1,Oxford,1200 Oxford St,1200 Oxford St,49.286767,-122.767112,49.286414,-122.767510
135.1,3626,1,0,1,Young,528 Young Dr,528 Young Dr,49.243126,-122.891178,49.242863,-122.889876
135.1,7427,560,549,11,Alderson,308 Alderson Ave,512 Young Dr,49.242490,-122.892619,49.242413,-122.891735
135.0,5795,72,71,1,Schoolhouse,301 Schoolhouse St,301 Schoolhouse St 324,49.241287,-122.852448,49.240941,-122.851766
135.0,5401,1,0,1,Fleming,2945 Fleming Ave,2945 Fleming Ave,49.271775,-122.797575,49.272260,-122.797942
135.0,3744,3,2,1,Barnet,2714 Barnet Hwy,2714 Barnet Hwy 104,49.277824,-122.811397,49.277172,-122.811187
135.0,4073,1,0,1,Hazel,3295 Hazel Ave,3295 Hazel Ave,49.307344,-122.762700,49.307260,-122.763825
134.9,8350,1,0,1,Pollard,1374 Pollard St,1374 Pollard St,49.295708,-122.725484,49.296128,-122.726185
134.9,3620,7,6,1,Barnet,2724 Barnet Hwy,2724 Barnet Hwy 201,49.277819,-122.810951,49.277167,-122.810755
134.8,9382,1,0,1,Princeton,3484 Princeton Ave,3484 Princeton Ave,49.298008,-122.745803,49.298566,-122.745640
134.7,8872,3,2,1,United,1450 United Blvd,1450 United Blvd 102,49.228890,-122.848196,49.228304,-122.847974
134.7,4299,1,0,1,Wellington,3294 Wellington Crt,3294 Wellington Crt,49.288393,-122.760945,49.288204,-122.759823
134.4,6245,1,0,1,Foster,1411 Foster Ave,1411 Foster Ave,49.256145,-122.854329,49.256617,-122.854688
134.3,6064,14,13,1,Westwood,970 Westwood St,970 Westwood St 9,49.268145,-122.790651,49.268405,-122.791301
134.3,7985,11,8,4,Ketch,1312 Ketch Crt,1324 Ketch Crt 201,49.227646,-122.854416,49.227052,-122.853903
134.1,7086,66,61,5,Brunette,918 Roderick Ave,933 Brunette Ave,49.236787,-122.871715,49.237288,-122.871168
134.0,4739,9,8,1,Barnet,2700 Barnet Hwy,2700 Barnet Hwy 202,49.277826,-122.812003,49.277190,-122.812299
133.8,4077,14,13,1,Gordon,3001 Gordon Ave,3001 Gordon Ave 216,49.270989,-122.792809,49.271675,-122.792909
133.6,9096,75,75,1,Begin,99 Begin St 101,99 Begin St 325,49.238281,-122.859801,49.238151,-122.859004
133.3,8483,1,0,1,Gatensbury,680 Gatensbury St,680 Gatensbury St,49.258409,-122.856558,49.258046,-122.857192
133.3,7946,15,3,12,Canoe,2401 Canoe Ave,2431 Canoe Ave,49.229737,-122.822371,49.230183,-122.823048
133.2,4027,1,0,1,Harper,3631 Harper Rd,3631 Harper Rd,49.301472,-122.731549,49.301871,-122.731750
133.1,8737,1,0,1,United,1750 United Blvd,1750 United Blvd,49.228320,-122.842869,49.227826,-122.843388
132.8,7239,274,271,3,Atlantic,1153 The High St,2985 Northern Ave 113,49.280782,-122.796098,49.281509,-122.795539
132.7,6778,93,86,7,Brunette,1111 Brunette Ave,210 Therrien St 20,49.238921,-122.862271,49.239460,-122.861601
132.7,1189,1,0,1,Pasture,2948 Pasture Cir,2948 Pasture Cir,49.263013,-122.802595,49.262624,-122.803862
132.6,7134,66,64,2,Burlington,2963 Burlington Dr,2973 Burlington Dr 408,49.284278,-122.796016,49.284666,-122.796708
132.6,4246,3,2,1,Austin,948 Austin Ave,948 Austin Ave 102,49.248952,-122.867781,49.248698,-122.868540
132.5,4897,1,0,1,Pipeline,1527 Pipeline Rd,1527 Pipeline Rd,49.307550,-122.773666,49.307729,-122.772722
132.5,5331,1,0,1,Northern,2991 Northern Ave,2991 Northern Ave,49.280780,-122.794520,49.281326,-122.794772
132.4,4001,1,0,1,Hockaday,1387 Hockaday St,1387 Hockaday St,49.297879,-122.772704,49.297719,-122.771743
132.1,8265,1,0,1,United,1881 United Blvd,1881 United Blvd,49.228305,-122.841629,49.228817,-122.842130
132.0,5650,1,0,1,Smith,622 Smith Ave,622 Smith Ave,49.260202,-122.883060,49.259831,-122.883820
131.8,9513,1,0,1,Cedar,4265 Cedar Dr,4265 Cedar Dr,49.292932,-122.718896,49.293293,-122.718571
131.7,4827,1,0,1,Custer,1975 Custer Crt,1975 Custer Crt,49.264075,-122.838282,49.264762,-122.837715
131.7,7913,1,0,1,Leeder,51 Leeder St,51 Leeder St,49.226611,-122.829947,49.226952,-122.829133
131.6,13209,400,397,4,Anskar,702 Clarke Rd,741 Anskar Crt 619,49.266549,-122.882536,49.266978,-122.882271
131.5,7501,23,22,1,Johnson,1232 Johnson St,1232 Johnson St 122,49.287407,-122.801642,49.286658,-122.802169
131.3,3960,1,0,1,Glen,2874 Glen Dr,2874 Glen Dr,49.282747,-122.803322,49.282132,-122.803152
130.9,7346,1,0,1,Como Lake,605 Como Lake Ave,605 Como Lake Ave,49.263269,-122.886823,49.263750,-122.886369
130.9,7303,3,2,1,Brigantine,1800 Brigantine Dr,1800 Brigantine Dr 200,49.224583,-122.841530,49.224101,-122.842142
130.7,2984,1,0,1,Moray,1024 Moray St,1024 Moray St,49.271464,-122.834932,49.271529,-122.835890
130.7,14243,44,43,1,Runnel,2561 Runnel Dr,2561 Runnel Dr 9,49.278870,-122.820057,49.279275,-122.820120
130.7,6795,5,4,1,Brigantine,1580 Brigantine Dr,1580 Brigantine Dr 210,49.225074,-122.846398,49.224440,-122.846174
130.5,330,1,1,1,Glen,2865 Glen Dr 10,2865 Glen Dr 10,49.282750,-122.804178,49.283803,-122.804174
130.3,5988,167,163,4,Glen,1200 Glen Pine Crt,2979 Glen Dr PH2,49.282699,-122.795907,49.283125,-122.794902
130.1,2668,1,0,1,Shaughnessy,1351 Shaughnessy St,1351 Shaughnessy St,49.295108,-122.770972,49.294925,-122.770175
129.9,5502,1,0,1,Pelcher,3335 Pelcher Crt,3335 Pelcher Crt,49.297547,-122.774130,49.297878,-122.774265
129.9,8089,1,0,1,Sheffield,3510 Sheffield Ave,3510 Sheffield Ave,49.297960,-122.741886,49.297664,-122.742712
129.9,7344,1,0,1,Dollar,1320 Dollar Cres,1320 Dollar Cres,49.291549,-122.736718,49.292068,-122.736765
129.9,7378,17,15,2,Glacier,120 Glacier St,130 Glacier St 7,49.234404,-122.817596,49.233831,-122.818202
129.5,3193,1,0,1,Dayton,1525 Dayton St,1525 Dayton St,49.305693,-122.752143,49.306217,-122.751594
129.5,4412,62,60,2,Howie,1103 Howie Ave,1121 Howie Ave 310,49.250538,-122.860387,49.250791,-122.861212
129.0,1082,1,0,1,Marguerite,1480 Marguerite St,1480 Marguerite St,49.304689,-122.760211,49.305456,-122.761057
128.8,466,1,0,1,Smith,504 Smith Ave,504 Smith Ave,49.260343,-122.891443,49.259821,-122.891926
128.8,8290,24,23,1,Austin,2590 Austin Ave,2590 Austin Ave 9,49.249083,-122.821050,49.248593,-122.821705
128.8,4415,56,54,2,Howie,1114 Howie Ave,1132 Howie Ave 319,49.250526,-122.859552,49.250274,-122.860380
128.7,4800,1,0,1,Gatensbury,986 Gatensbury St,986 Gatensbury St,49.269813,-122.857463,49.270360,-122.857938
128.7,7354,33,31,2,Glen,2918 Glen Dr,2922 Glen Dr 212,49.282729,-122.800172,49.282233,-122.799565
128.6,4646,198,197,1,The High,1155 The High St,1155 The High St 909,49.281759,-122.796098,49.281913,-122.795259
128.4,5408,59,55,4,Brunette,1408 Cartier Ave,253 Casey St 226,49.240507,-122.854866,49.240823,-122.853967
128.4,4537,1,0,1,Brigantine,1550 Brigantine Dr,1550 Brigantine Dr,49.225135,-122.847001,49.224460,-122.846862
128.3,8526,4,3,1,United,1338 United Blvd,1338 United Blvd 104,49.229564,-122.854557,49.228966,-122.854502
128.2,374,1,0,0,Westwood,Westwood St,Westwood St,49.283462,-122.790464,49.283323,-122.792090
128.1,5132,1,0,1,Gilleys,1371 Gilleys Trail,1371 Gilleys Trail,49.296111,-122.717039,49.296150,-122.716210
128.0,9928,149,147,2,Princess,2960 Princess Cres,2975 Princess Cres 416,49.286088,-122.796752,49.286064,-122.797234
127.9,7701,1,0,1,Marigold,1350 Marigold St,1350 Marigold St,49.293933,-122.728241,49.293552,-122.728951
127.9,7998,1,0,1,Victoria,3580 Victoria Dr,3580 Victoria Dr,49.288208,-122.733749,49.287693,-122.733183
127.1,313,1,1,1,Glen,2865 Glen Dr 55,2865 Glen Dr 55,49.282748,-122.803545,49.283762,-122.803535
127.1,4411,1,0,1,Cedar,4225 Cedar Dr,4225 Cedar Dr,49.291182,-122.721126,49.291550,-122.722331
127.0,1783,1,0,1,Mariner,2961 Mariner Way,2961 Mariner Way,49.266181,-122.814180,49.265631,-122.814129
126.8,4055,1,0,1,Glenbrook,1379 Glenbrook St,1379 Glenbrook St,49.297391,-122.760346,49.297554,-122.759429
126.7,5357,116,115,1,Westview,460 Westview St,460 Westview St P7,49.248932,-122.889655,49.248557,-122.890183
126.6,8670,3,2,1,Brigantine,88 Brigantine Dr,88 Brigantine Dr 200,49.227057,-122.849021,49.227323,-122.849820
126.5,5751,55,54,1,Bromley,450 Bromley St,450 Bromley St 412,49.247909,-122.818832,49.248206,-122.819530
126.3,5042,80,79,1,Langside,618 Langside Ave,618 Langside Ave 410,49.261240,-122.884926,49.260960,-122.885717
126.2,7743,1,0,1,The High,1150 The High St,1150 The High St,49.281755,-122.796098,49.281282,-122.796554
126.2,4905,1,0,1,Coast Meridian,1369 Coast Meridian Rd,1369 Coast Meridian Rd,49.296622,-122.755951,49.296354,-122.755029
126.0,2188,1,0,1,MacIntosh,1000 MacIntosh St,1000 MacIntosh St,49.269561,-122.865773,49.270286,-122.866384
125.7,1111,1,0,1,Pasture,2950 Pasture Cir,2950 Pasture Cir,49.262381,-122.802532,49.262365,-122.803995
125.7,3426,10,8,2,Aberdeen,2792 Barnet Hwy,2794 Aberdeen Ave 8,49.277079,-122.804934,49.276419,-122.804703
125.6,13040,124,123,1,Dufferin,1131 Dufferin St,1131 Dufferin St 218C,49.279068,-122.804028,49.278499,-122.803577
125.5,12047,1,0,1,King Edward,14 King Edward St,14 King Edward St,49.229810,-122.861587,49.230000,-122.862412
125.5,8094,11,9,2,Glacier,135 Glacier St,137 Glacier St 202,49.234752,-122.817568,49.234418,-122.816882
125.2,3339,1,0,1,Porter,1005 Porter St,1005 Porter St,49.269762,-122.863001,49.270216,-122.862188
125.1,6199,53,52,1,Foster,606 Foster Ave,606 Foster Ave 809,49.256754,-122.885649,49.256361,-122.884963
125.1,735,1,0,1,Guildford,2963 Guildford Way,2963 Guildford Way,49.285339,-122.798191,49.285911,-122.797611
125.0,2613,1,0,0,Galette,Galette Ave,Galette Ave,49.303853,-122.772496,49.304428,-122.772691
124.8,7125,35,34,1,Galloway,3431 Galloway Ave,3431 Galloway Ave 9,49.294878,-122.750257,49.295293,-122.749671
124.8,8492,1,0,1,Lougheed,1388 Lougheed Hwy,1388 Lougheed Hwy,49.232691,-122.853335,49.232369,-122.854067
124.6,6989,1,0,1,Brigantine,1555 Brigantine Dr,1555 Brigantine Dr,49.225074,-122.846398,49.225544,-122.845653
124.5,2877,1,0,1,Crouch,3639 Crouch Ave,3639 Crouch Ave,49.296647,-122.728239,49.297182,-122.728385
124.3,5401,38,37,1,Clarke,736 Clarke Rd,736 Clarke Rd 9,49.268227,-122.881689,49.267653,-122.881191
124.2,4920,37,36,1,Dufferin,1132 Dufferin St,1132 Dufferin St 312,49.279181,-122.804029,49.279005,-122.804898
124.0,6408,1,0,1,Highland,3527 Highland Dr,3527 Highland Dr,49.301122,-122.745634,49.301634,-122.745181
123.9,5767,64,63,1,Pipeline,1205 Pipeline Rd,1205 Pipeline Rd B,49.285152,-122.785011,49.284635,-122.784615
123.8,6178,21,20,1,Falcon,1176 Falcon Dr,1176 Falcon Dr 506,49.282404,-122.819495,49.282470,-122.820370
123.8,8519,1,0,1,United,2350 United Blvd,2350 United Blvd,49.226799,-122.826228,49.226319,-122.826777
123.7,5384,1,0,1,Northview,805 Northview Pl,805 Northview Pl,49.264088,-122.837341,49.264397,-122.836993
123.6,10781,2,0,2,Glacier,61 Glacier St,63 Glacier St,49.228748,-122.817432,49.229053,-122.816641
123.5,4120,1,0,1,Hockaday,1392 Hockaday St,1392 Hockaday St,49.298077,-122.772696,49.298266,-122.773482
123.4,6718,25,24,1,Lasalle,1235 Lasalle Pl,1235 Lasalle Pl 74,49.286329,-122.799249,49.286561,-122.798631
123.3,4990,1,0,1,Pipeline,1511 Pipeline Rd,1511 Pipeline Rd,49.306432,-122.773964,49.306682,-122.773186
123.3,13957,17,16,1,Schoolhouse,228 Schoolhouse St,228 Schoolhouse St 9,49.237135,-122.852515,49.236749,-122.853178
123.2,2941,1,0,1,Galette,3248 Galette Ave,3248 Galette Ave,49.303722,-122.771162,49.303475,-122.770075
123.0,8115,1,0,1,Lougheed,566 Lougheed Hwy,566 Lougheed Hwy,49.243617,-122.888647,49.242912,-122.888743
123.0,4082,1,0,1,Creekstone,1277 Creekstone Terr,1277 Creekstone Terr,49.290688,-122.759299,49.290847,-122.758457
122.8,4130,1,0,1,Glenbrook,1374 Glenbrook St,1374 Glenbrook St,49.296596,-122.759875,49.296778,-122.760754
122.8,1900,1,0,1,Galette,3252 Galette Ave,3252 Galette Ave,49.303722,-122.771162,49.303593,-122.769924
122.8,655,1,0,0,Dewdney Trunk,Dewdney Trunk Rd,Dewdney Trunk Rd,49.275489,-122.810655,49.274544,-122.811024
122.7,431,1,1,1,Glen,2865 Glen Dr 9,2865 Glen Dr 9,49.282751,-122.804310,49.283710,-122.804275
122.6,7196,1,0,1,Woolridge,1085 Woolridge St,1085 Woolridge St,49.233023,-122.864291,49.233382,-122.863628
122.6,443,1,1,1,Glen,2865 Glen Dr 74,2865 Glen Dr 74,49.282745,-122.803034,49.283744,-122.803045
122.5,2920,1,1,1,Austin,1322 Austin Ave A,1322 Austin Ave A,49.248973,-122.856674,49.248548,-122.856569
122.5,4050,1,0,1,Fortune,3295 Fortune Lane,3295 Fortune Lane,49.287524,-122.760764,49.287750,-122.759790
122.5,735,1,1,1,Rochester,725 Rochester Ave 3,725 Rochester Ave 3,49.245409,-122.881200,49.246408,-122.881142
122.4,10552,37,36,1,Lansdowne,1170 Lansdowne Dr,1170 Lansdowne Dr 9,49.281986,-122.808336,49.282026,-122.809130
122.4,9411,2,0,2,Barnet,2534 Barnet Hwy,2538 Barnet Hwy,49.277756,-122.823207,49.277273,-122.822906
122.0,6391,1,0,1,Runnel,2585 Runnel Dr,2585 Runnel Dr,49.278852,-122.816531,49.279161,-122.816838
121.8,6996,136,135,1,Pipeline,1196 Pipeline Rd,1196 Pipeline Rd 908,49.284476,-122.785308,49.283961,-122.786129
121.5,4795,1,0,1,Glenbrook,1320 Glenbrook St,1320 Glenbrook St,49.293969,-122.759893,49.294083,-122.760757
121.5,4075,1,0,1,Cedar,4243 Cedar Dr,4243 Cedar Dr,49.292274,-122.720029,49.292194,-122.720980
121.5,2364,1,0,1,Myrnam,241 Myrnam St,241 Myrnam St,49.237376,-122.849181,49.237633,-122.848072
121.4,5048,1,0,1,Shawna,2420 Shawna Way,2420 Shawna Way,49.245197,-122.826555,49.245275,-122.826121
121.3,7552,41,40,1,Laval,100 Laval St,100 Laval St 180,49.239011,-122.857352,49.239137,-122.858179
121.3,5315,56,54,2,Pipeline,1167 Pipeline Rd,1171 Pipeline Rd 311,49.282508,-122.786266,49.281963,-122.785937
121.2,9022,17,16,1,Johnson,1175 Johnson St,1175 Johnson St 390,49.282300,-122.801713,49.282085,-122.800854
121.1,4546,1,0,1,Kingston,1375 Kingston St,1375 Kingston St,49.296687,-122.747624,49.296821,-122.746738
120.9,4075,1,0,1,Hollybrook,1272 Hollybrook St,1272 Hollybrook St,49.290356,-122.757651,49.290143,-122.758465
120.9,4837,1,0,1,Kingston,1391 Kingston St,1391 Kingston St,49.297442,-122.747618,49.297632,-122.746743
120.9,5612,23,22,1,Fawcett,62 Fawcett Rd,62 Fawcett Rd 9,49.227066,-122.834217,49.226813,-122.835004
120.9,4188,1,0,1,Kingston,1385 Kingston St,1385 Kingston St,49.297442,-122.747618,49.297262,-122.746768
120.7,6322,1,0,1,Burke Mountain,1239 Burke Mountain St,1239 Burke Mountain St,49.287116,-122.744864,49.287093,-122.743639
120.7,6870,1,0,1,Lillian,990 Lillian St,990 Lillian St,49.270048,-122.860213,49.270212,-122.860943
120.7,4105,1,0,1,Coy,3290 Coy Ave,3290 Coy Ave,49.305703,-122.763241,49.305822,-122.764206
120.6,8108,25,24,1,Falcon,1180 Falcon Dr,1180 Falcon Dr 704,49.283057,-122.819558,49.283149,-122.820381
120.6,9099,76,75,1,Laval,98 Laval St,98 Laval St 325,49.238835,-122.857349,49.238445,-122.857658
120.6,4070,1,0,1,Hollybrook,1266 Hollybrook St,1266 Hollybrook St,49.289705,-122.757661,49.289839,-122.758468
120.5,7046,1,0,1,David,3387 David Ave,3387 David Ave,49.292939,-122.755247,49.293367,-122.755191
120.5,5332,447,443,3,Clarke,510 Clarke Rd,Rd,49.259559,-122.892442,49.259795,-122.891381
120.3,5445,3,2,1,Glacier,125 Glacier St,125 Glacier St B,49.234029,-122.817627,49.233723,-122.816883
120.1,6538,2,1,1,Shuswap,2601 Shuswap Ave,2601 Shuswap Ave 101,49.230587,-122.817636,49.231084,-122.818135
119.8,7722,9,8,1,North Bend,84 North Bend St,84 North Bend St 108,49.230902,-122.820817,49.230884,-122.821657
119.7,1367,1,0,1,Glenbrook,1324 Glenbrook St,1324 Glenbrook St,49.294327,-122.759890,49.294281,-122.761025
119.7,6327,1,0,1,Woolridge,110 Woolridge St,110 Woolridge St,49.235380,-122.868690,49.235103,-122.869387
119.6,3597,1,0,1,Porter,1000 Porter St,1000 Porter St,49.269762,-122.863001,49.270219,-122.863708
119.5,7664,1,0,1,Robinson,720 Robinson St,720 Robinson St,49.261539,-122.879934,49.261041,-122.880578
119.5,12499,645,640,9,Atlantic,1158 The High St 100,2978 Glen Dr 907,49.281771,-122.797072,49.282368,-122.796947
119.4,4548,1,0,1,Victoria,3675 Victoria Dr,3675 Victoria Dr,49.294198,-122.722966,49.294770,-122.722925
119.4,6839,1,0,1,Coronation,1125 Coronation Cres,1125 Coronation Cres,49.278604,-122.821768,49.279072,-122.821696
119.4,5594,1,0,1,Queenston,3415 Queenston Ave,3415 Queenston Ave,49.297559,-122.753119,49.298026,-122.753773
119.3,5295,1,0,1,Ozada,3129 Ozada Ave,3129 Ozada Ave,49.285763,-122.784310,49.286231,-122.783850
119.2,3747,12,11,1,Norman,2900 Norman Ave,2900 Norman Ave 93,49.270987,-122.801268,49.270776,-122.800420
119.1,6729,280,279,3,Atlantic,1169 Pacific St 110,2955 Atlantic Ave 909,49.281778,-122.798846,49.282222,-122.798332
119.0,5485,1,0,1,Inlet,1184 Inlet St,1184 Inlet St,49.285040,-122.783201,49.284639,-122.783765
118.9,3910,1,0,1,Fresno,968 Fresno Pl,968 Fresno Pl,49.271059,-122.839208,49.271631,-122.839491
118.9,8839,1,0,1,Dollar,1315 Dollar Cres,1315 Dollar Cres,49.291740,-122.736445,49.291704,-122.735957
118.8,5018,80,77,3,Glen,1161 The High St,2988 Glen Dr,49.282135,-122.796096,49.282453,-122.795520
118.8,6743,1,0,1,El Camino,1401 El Camino Pl,1401 El Camino Pl,49.296211,-122.776655,49.295681,-122.776778
118.8,7181,1,0,1,Hartley,1450 Hartley Ave,1450 Hartley Ave,49.227024,-122.848677,49.226513,-122.848401
118.8,6085,1,0,1,Fawcett,78 Fawcett Rd,78 Fawcett Rd,49.228185,-122.834245,49.227873,-122.834965
118.5,5211,1,0,1,Highland,3530 Highland Dr,3530 Highland Dr,49.301136,-122.745751,49.300608,-122.745216
118.5,2466,1,0,1,Bramble,1598 Bramble Lane,1598 Bramble Lane,49.303287,-122.812979,49.303592,-122.812945
118.3,2439,1,0,1,David,3339 David Ave,3339 David Ave,49.292947,-122.760597,49.293529,-122.760782
118.3,5846,43,42,1,Foster,528 Foster Ave,528 Foster Ave 142,49.256788,-122.889668,49.256296,-122.890283
118.3,3576,2,0,2,Austin,465 North Rd,500 Austin Ave,49.248454,-122.892756,49.248730,-122.892298
118.1,7391,32,31,1,Burke Mountain,1219 Burke Mountain St,1219 Burke Mountain St 9,49.286655,-122.744848,49.286390,-122.744252
118.0,3939,64,62,2,King Albert,1010 King Albert Ave,1020 King Albert Ave 314,49.251483,-122.867207,49.251223,-122.866468
117.9,8513,1,0,1,Victoria,3620 Victoria Dr,3620 Victoria Dr,49.291063,-122.728831,49.290604,-122.728283
117.9,6490,125,123,2,Farrow,728 Farrow St,738 Farrow St 905,49.261739,-122.891909,49.262257,-122.891184
117.7,2791,202,200,3,Clarke,502 Smith Ave 100,691 North Rd 909,49.259442,-122.893060,49.259982,-122.892583
117.5,5701,17,16,1,Austin,1001 Austin Ave,1001 Austin Ave 206,49.249045,-122.866919,49.249353,-122.867611
117.5,5137,1,0,1,McTavish,3318 McTavish Crt,3318 McTavish Crt,49.298928,-122.770714,49.298628,-122.769946
117.5,5122,1,0,1,Pipeline,1420 Pipeline Rd,1420 Pipeline Rd,49.300835,-122.776785,49.300684,-122.777626
117.4,337,1,1,1,Glen,2865 Glen Dr 56,2865 Glen Dr 56,49.282748,-122.803658,49.283684,-122.803654
117.4,338,1,1,1,Glen,2865 Glen Dr 71,2865 Glen Dr 71,49.282743,-122.802423,49.283700,-122.802560
117.4,4352,1,0,1,Dollar,1330 Dollar Cres,1330 Dollar Cres,49.292951,-122.736065,49.292799,-122.736911
117.3,2660,1,0,1,Starlight,2957 Starlight Way,2957 Starlight Way,49.261252,-122.809804,49.260835,-122.809067
117.3,1452,1,0,1,Dormel,1458 Dormel Crt,1458 Dormel Crt,49.302655,-122.773981,49.302503,-122.775033
117.1,4053,1,0,1,Glacier,58 Glacier St,58 Glacier St,49.228800,-122.817434,49.228409,-122.818360
117.0,6606,1,0,1,Fraser Mills,1097 Fraser Mills Dr,1097 Fraser Mills Dr,49.226827,-122.861564,49.227019,-122.860743
116.9,3899,67,66,1,Howie,1200 Howie Ave,1200 Howie Ave 323,49.250526,-122.859552,49.250260,-122.858818
116.9,5350,1,0,1,North,675 North Rd,675 North Rd,49.257616,-122.893010,49.257848,-122.892384
116.8,3504,1,0,1,Galette,3219 Galette Ave,3219 Galette Ave,49.303722,-122.771162,49.304193,-122.772219
116.8,4554,1,0,1,Shawna,2396 Shawna Way,2396 Shawna Way,49.245209,-122.827398,49.244807,-122.827785
116.7,4150,1,0,1,Pipeline,1539 Pipeline Rd,1539 Pipeline Rd,49.309269,-122.773211,49.309080,-122.772398
116.7,8934,1,0,1,David,3501 David Ave,3501 David Ave,49.295056,-122.742141,49.295367,-122.742575
116.6,7130,2,0,2,Brunette,1116 Brunette Ave,1120 Brunette Ave,49.239072,-122.860697,49.238667,-122.861182
116.6,5570,1,0,1,Baycrest,3545 Baycrest Ave,3545 Baycrest Ave,49.288463,-122.737195,49.288951,-122.737610
116.5,4873,50,49,1,North,555 North Rd,555 North Rd 5,49.250998,-122.892841,49.251400,-122.892361
116.5,4022,1,0,1,Harper,3649 Harper Rd,3649 Harper Rd,49.301814,-122.728212,49.302003,-122.728760
116.4,1574,1,0,1,Pinetree,1675 Pinetree Way,1675 Pinetree Way,49.306763,-122.784777,49.307023,-122.783977
116.4,3948,41,40,1,King Albert,1040 King Albert Ave,1040 King Albert Ave 316,49.251452,-122.863978,49.251207,-122.864716
116.3,454,1,0,1,Barnet,2781 Barnet Hwy,2781 Barnet Hwy,49.277722,-122.804613,49.278517,-122.804501
116.3,2491,1,0,1,Thermal,1010 Thermal Dr,1010 Thermal Dr,49.271246,-122.834751,49.270667,-122.834662
116.2,5698,1,0,1,Rochester,601 Rochester Ave,601 Rochester Ave,49.245457,-122.885794,49.245890,-122.886341
116.2,6111,1,0,1,Glacier,70 Glacier St,70 Glacier St,49.229353,-122.817444,49.229139,-122.818127
116.1,5598,1,0,1,Coy,3268 Coy Ave,3268 Coy Ave,49.306304,-122.765577,49.305912,-122.766325
115.9,1015,1,0,1,Seaforth,323 Seaforth Cres,323 Seaforth Cres,49.241935,-122.846813,49.241217,-122.846934
115.7,1908,1,0,1,Braeside,2141 Braeside Pl,2141 Braeside Pl,49.316043,-122.794102,49.315874,-122.793064
115.7,3933,69,68,1,Howie,1015 Howie Ave,1015 Howie Ave 323,49.250609,-122.867202,49.250839,-122.866463
115.7,5445,1,0,1,North,803 North Rd,803 North Rd,49.263062,-122.893151,49.263328,-122.892463
115.6,8906,3,2,1,Hartley,2050 Hartley Ave,2050 Hartley Ave 200,49.225945,-122.837871,49.225499,-122.838139
115.5,4376,1,0,1,Pelcher,3338 Pelcher Crt,3338 Pelcher Crt,49.297541,-122.773587,49.297280,-122.774150
115.4,5282,1,0,1,Pipeline,1537 Pipeline Rd,1537 Pipeline Rd,49.308897,-122.773309,49.308618,-122.772501
115.4,4043,1,0,1,Burke Mountain,1249 Burke Mountain St,1249 Burke Mountain St,49.287949,-122.744850,49.287749,-122.744020
115.4,3915,1,0,1,Victoria,3673 Victoria Dr,3673 Victoria Dr,49.293992,-122.723528,49.294640,-122.723565
115.2,5172,1,0,1,Burke Mountain,1255 Burke Mountain St,1255 Burke Mountain St,49.288310,-122.744862,49.288117,-122.744017
115.2,10497,33,32,1,Lasalle,1251 Lasalle Pl,1251 Lasalle Pl 9,49.287400,-122.799245,49.287584,-122.798434
114.9,3569,1,0,1,Regan,1155 Regan Ave,1155 Regan Ave,49.261665,-122.860084,49.262322,-122.859621
114.8,5746,3,2,1,Clarke,580 Clarke Rd,580 Clarke Rd 200,49.263175,-122.888036,49.262549,-122.888011
114.8,532,1,1,1,Purcell,1378 Purcell Dr 62,1378 Purcell Dr 62,49.295043,-122.785050,49.295658,-122.785955
114.8,2056,1,0,1,Cape Horn,2427 Cape Horn Ave,2427 Cape Horn Ave,49.237987,-122.825807,49.238353,-122.826134
114.6,4484,1,0,1,Brunette,1846 Brunette Ave,1846 Brunette Ave,49.234896,-122.842925,49.234594,-122.843803
114.5,4200,1,0,1,Hazel,3340 Hazel Ave,3340 Hazel Ave,49.307455,-122.760444,49.306923,-122.760773
114.3,3200,1,0,1,Robson,3325 Robson Dr,3325 Robson Dr,49.299260,-122.775637,49.299705,-122.776078
114.2,4036,1,0,1,Quarry,3743 Quarry Rd,3743 Quarry Rd,49.298834,-122.713422,49.299471,-122.713136
114.1,6176,1,0,1,Lebleu,425 Lebleu St,425 Lebleu St,49.247994,-122.867583,49.247905,-122.866813
113.9,5418,134,132,2,Cottonwood,607 Cottonwood Ave,609 Cottonwood Ave 508,49.258821,-122.887664,49.259063,-122.887063
113.8,4091,1,0,1,Highland,3520 Highland Dr,3520 Highland Dr,49.301200,-122.746266,49.300523,-122.745977
113.8,4331,1,0,1,Hazel,3360 Hazel Ave,3360 Hazel Ave,49.307445,-122.759186,49.306918,-122.758864
113.8,4049,1,0,1,Baycrest,3475 Baycrest Ave,3475 Baycrest Ave,49.288381,-122.742218,49.288894,-122.742513
113.7,4048,1,0,1,Baycrest,3481 Baycrest Ave,3481 Baycrest Ave,49.288385,-122.741647,49.288799,-122.741939
113.7,4108,1,0,1,Coy,3250 Coy Ave,3250 Coy Ave,49.306618,-122.765420,49.307005,-122.765977
113.7,6959,1,0,1,Cedar,4105 Cedar Dr,4105 Cedar Dr,49.286683,-122.732608,49.286329,-122.733397
113.7,4177,1,0,1,Hazel,3350 Hazel Ave,3350 Hazel Ave,49.307455,-122.760444,49.306921,-122.760133
113.5,6577,1,0,1,Coast Meridian,1268 Coast Meridian Rd,1268 Coast Meridian Rd,49.288440,-122.756003,49.288764,-122.756604
113.5,3058,1,0,0,Dayton,Dayton St,Dayton St,49.302025,-122.751578,49.302243,-122.750623
113.5,5311,1,0,1,Brigantine,58 Brigantine Dr,58 Brigantine Dr,49.225594,-122.849364,49.225190,-122.850209
113.4,3417,1,0,1,David,3511 David Ave,3511 David Ave,49.295364,-122.740118,49.295935,-122.740137
113.3,5005,1,0,1,Highland,3440 Highland Dr,3440 Highland Dr,49.300241,-122.750886,49.299757,-122.751278
113.3,344,1,1,1,Glen,2865 Glen Dr 73,2865 Glen Dr 73,49.282746,-122.803170,49.283675,-122.803177
113.2,6342,1,0,1,Barnet,2544 Barnet Hwy,2544 Barnet Hwy,49.277850,-122.821452,49.277333,-122.821624
113.2,4064,1,0,1,Baycrest,3469 Baycrest Ave,3469 Baycrest Ave,49.288380,-122.742792,49.288932,-122.743086
113.2,4924,1,0,1,Rocklin,1239 Rocklin St,1239 Rocklin St,49.287376,-122.738115,49.287389,-122.737412
113.2,2978,17,16,1,Gislason,3503 Gislason Ave,3503 Gislason Ave 116,49.289397,-122.741419,49.289585,-122.742238
113.1,4046,1,0,1,Hazel,3356 Hazel Ave,3356 Hazel Ave,49.307455,-122.759795,49.306920,-122.759504
113.1,5572,1,0,1,Barnet,2595 Barnet Hwy,2595 Barnet Hwy,49.277945,-122.816602,49.278400,-122.817055
113.0,4677,1,0,1,St Laurence,825 St Laurence St,825 St Laurence St,49.264490,-122.842377,49.264744,-122.841616
113.0,4167,1,0,1,Coast Meridian,1511 Coast Meridian Rd,1511 Coast Meridian Rd,49.306473,-122.755784,49.306898,-122.755245
112.9,2087,1,0,1,Custer,1973 Custer Crt,1973 Custer Crt,49.264075,-122.838282,49.264672,-122.838231
112.9,3478,1,0,0,Smith,Smith Ave,Smith Ave,49.259830,-122.860073,49.259323,-122.859699
112.8,7136,1,0,1,Galloway,3404 Galloway Ave,3404 Galloway Ave,49.294848,-122.754168,49.294363,-122.753490
112.6,6340,1,0,1,Barnet,2555 Barnet Hwy,2555 Barnet Hwy,49.277942,-122.821134,49.278289,-122.820655
112.5,4438,17,16,1,Hartley,2080 Hartley Ave,2080 Hartley Ave 208,49.225922,-122.837219,49.225421,-122.837112
112.5,4362,11,10,1,Parkway,2382 Parkway Blvd,2382 Parkway Blvd 9,49.320480,-122.793342,49.321145,-122.793065
112.4,4639,1,0,1,Crouch,3632 Crouch Ave,3632 Crouch Ave,49.296632,-122.727524,49.296148,-122.727171
112.4,8120,61,60,1,Plateau,3280 Plateau Blvd,3280 Plateau Blvd 409,49.314691,-122.788766,49.314762,-122.789558
112.3,4389,1,0,1,Pasture,2995 Pasture Cir,2995 Pasture Cir,49.262346,-122.802551,49.262602,-122.801919
112.2,2607,1,0,1,Kingston,1380 Kingston St,1380 Kingston St,49.297283,-122.747620,49.297004,-122.748613
112.2,1307,1,0,1,Mason,3356 Mason Ave,3356 Mason Ave,49.289305,-122.759072,49.288787,-122.759113
112.1,5305,58,57,1,Lincoln,3030 Lincoln Ave,3030 Lincoln Ave 230,49.279108,-122.792252,49.278653,-122.791766
112.0,4048,1,0,1,Schoolhouse,265 Schoolhouse St,265 Schoolhouse St,49.238795,-122.852495,49.238597,-122.851706
111.8,3052,13,12,1,Decaire,303 Decaire St,303 Decaire St 9,49.241526,-122.851569,49.241333,-122.850877
111.7,5318,176,174,2,Como Lake,645 Como Lake Ave,648 Lea Ave 610,49.263379,-122.884764,49.263843,-122.884220
111.6,7058,32,31,1,Rocklin,1221 Rocklin St,1221 Rocklin St 9,49.285922,-122.738087,49.286597,-122.737504
111.4,6072,1,0,1,Glacier,78 Glacier St,78 Glacier St,49.229800,-122.817451,49.229983,-122.818106
111.3,2162,1,0,1,Starlight,2975 Starlight Way,2975 Starlight Way,49.261470,-122.809671,49.261153,-122.808626
111.3,819,1,0,1,Roxton,3402 Roxton Ave,3402 Roxton Ave,49.288445,-122.754888,49.287998,-122.755697
111.3,3253,1,0,1,Thomas,1672 Thomas Ave,1672 Thomas Ave,49.242844,-122.847687,49.242347,-122.847949
111.2,2874,1,0,1,Gloucester,332 Gloucester Crt Park,332 Gloucester Crt Park,49.239811,-122.823636,49.240007,-122.824503
111.1,2168,1,0,1,Braeside,2138 Braeside Pl,2138 Braeside Pl,49.315965,-122.794104,49.315744,-122.793241
111.1,5081,66,65,1,Smith,534 Smith Ave,534 Smith Ave 323,49.260323,-122.889941,49.259913,-122.889407
111.1,3239,1,0,1,Barnet,2550 Barnet Hwy,2550 Barnet Hwy,49.277854,-122.821143,49.277522,-122.820911
111.0,4485,1,0,1,Crane,2060 Crane Ave,2060 Crane Ave,49.257704,-122.837133,49.257491,-122.837790
111.0,2047,1,0,1,Linton,535 Linton St,535 Linton St,49.249822,-122.841104,49.249966,-122.840274
110.9,3896,145,144,2,Pipeline,1129 Pipeline Rd 101,3096 Windsor Gate 906,49.279321,-122.787860,49.279623,-122.786988
110.8,2186,1,0,0,Cottonwood,Cottonwood Ave,Cottonwood Ave,49.258579,-122.882809,49.258485,-122.882614
110.8,1988,1,0,1,Linton,537 Linton St,537 Linton St,49.250016,-122.841100,49.250114,-122.840270
110.8,3587,58,57,1,Clarke,630 Clarke Rd,630 Clarke Rd 420,49.264414,-122.886442,49.264550,-122.885534
110.8,362,1,1,1,Glen,2865 Glen Dr 8,2865 Glen Dr 8,49.282751,-122.804355,49.283675,-122.804432
110.7,3608,1,0,1,Blue Mountain,929 Blue Mountain St,929 Blue Mountain St,49.266856,-122.868644,49.267028,-122.867849
110.7,5876,61,60,1,Pipeline,1195 Pipeline Rd,1195 Pipeline Rd 320,49.284315,-122.785387,49.284003,-122.784891
110.7,4918,13,12,1,Hartley,1750 Hartley Ave,1750 Hartley Ave 201,49.226461,-122.843139,49.225960,-122.842855
110.7,3733,1,0,1,Lougheed,3051 Lougheed Hwy,3051 Lougheed Hwy,49.274248,-122.792092,49.274103,-122.791079
110.6,7722,29,28,1,Inlet,1174 Inlet St,1174 Inlet St 9,49.283873,-122.783185,49.284076,-122.783868
110.6,7491,1,0,1,Lansdowne,1160 Lansdowne Dr,1160 Lansdowne Dr,49.281270,-122.808345,49.281118,-122.809140
110.6,1506,1,1,1,Austin,1322 Austin Ave B,1322 Austin Ave B,49.248974,-122.856257,49.248260,-122.856359
110.5,5169,154,150,5,Burlington,1193 The High St,2986 Burlington Dr 104,49.284021,-122.795950,49.283998,-122.795178
110.5,4974,129,128,1,Foster,1399 Foster Ave,1399 Foster Ave 344,49.256144,-122.855823,49.256617,-122.855438
110.5,4053,1,0,1,Victoria,3511 Victoria Dr,3511 Victoria Dr,49.285745,-122.741213,49.286242,-122.740900
110.5,4048,1,0,1,United,1555 United Blvd,1555 United Blvd,49.228692,-122.845467,49.229109,-122.845693
110.3,4606,1,0,1,Pelcher,3336 Pelcher Crt,3336 Pelcher Crt,49.297547,-122.774130,49.297929,-122.774928
110.2,6487,1,0,1,Kemsley,616 Kemsley Ave,616 Kemsley Ave,49.266448,-122.887032,49.266063,-122.887257
110.2,4189,1,0,1,Baycrest,3553 Baycrest Ave,3553 Baycrest Ave,49.288461,-122.736564,49.288955,-122.736877
110.2,4751,3,2,1,Hartley,1478 Hartley Ave,1478 Hartley Ave 2,49.226847,-122.846952,49.226420,-122.847444
110.2,3740,89,88,1,Charland,963 Charland Ave,963 Charland Ave 2410,49.248074,-122.869170,49.248320,-122.868481
110.2,2515,1,0,1,Bernatchey,210 Bernatchey St,210 Bernatchey St,49.236174,-122.876428,49.236242,-122.875531
110.1,3976,75,74,1,Sydney,544 Sydney Ave,544 Sydney Ave L10,49.248190,-122.889509,49.247880,-122.888845
110.1,4051,1,0,1,Victoria,3519 Victoria Dr,3519 Victoria Dr,49.285747,-122.739964,49.286260,-122.740282
110.1,1458,1,0,1,Sugarpine,1717 Sugarpine Crt,1717 Sugarpine Crt,49.308129,-122.791817,49.308381,-122.790832
110.0,5411,1,0,1,Pipeline,1901 Pipeline Rd,1901 Pipeline Rd,49.330532,-122.772481,49.330227,-122.771730
109.9,4084,1,0,1,Woolridge,1311 Woolridge St,1311 Woolridge St,49.232232,-122.855435,49.232774,-122.855787
109.9,4666,1,0,1,Queenston,3468 Queenston Crt,3468 Queenston Crt,49.297607,-122.749272,49.297107,-122.749226
109.7,3673,56,54,2,Howie,1055 Howie Ave,1065 Howie Ave 309,49.250565,-122.863697,49.250806,-122.863008
109.6,4686,4,3,1,Hartley,1578 Hartley Ave,1578 Hartley Ave C,49.226712,-122.845602,49.226211,-122.845334
109.6,9481,130,127,3,Adair,1000 Brunette Ave,995 Adair Ave 312,49.236774,-122.866739,49.237368,-122.866898
109.6,5298,111,110,1,Pipeline,1190 Pipeline Rd,1190 Pipeline Rd 906,49.283396,-122.785834,49.283171,-122.786521
109.5,3323,56,53,3,Emerson,571 Emerson St,608 Regan Ave 609,49.261868,-122.886886,49.261975,-122.886032
109.5,4469,2,0,2,Cottonwood,537 Cottonwood Ave,681 Whiting Way,49.258860,-122.890724,49.259225,-122.890063
109.5,4086,1,0,1,Foster,903 Foster Ave,903 Foster Ave,49.256298,-122.872133,49.256940,-122.872427
109.4,5049,25,24,1,Baycrest,3489 Baycrest Ave,3489 Baycrest Ave 124,49.288385,-122.741648,49.288911,-122.741248
109.4,5913,3,2,1,Brigantine,1851 Brigantine Dr,1851 Brigantine Dr 200,49.224516,-122.840874,49.225019,-122.841047
109.4,3545,1,0,1,Westwood,1188 Westwood St,1188 Westwood St,49.283146,-122.790470,49.283318,-122.791228
109.3,1977,1,0,1,Linton,533 Linton St,533 Linton St,49.249822,-122.841104,49.249743,-122.840280
109.3,5916,5,4,1,Brigantine,98 Brigantine Dr,98 Brigantine Dr 203,49.227893,-122.848829,49.227751,-122.849618
109.3,5286,168,167,1,Ozada,3100 Ozada Ave,3100 Ozada Ave Strata Lot 2,49.285764,-122.784453,49.285355,-122.783972
109.3,2060,1,0,1,Cutler,321 Cutler St,321 Cutler St,49.240491,-122.844033,49.240405,-122.843240
109.3,6669,1,0,1,Barnet,2739 Barnet Hwy,2739 Barnet Hwy,49.277915,-122.810024,49.278362,-122.810309
109.3,8037,1,0,1,Austin,2600 Austin Ave,2600 Austin Ave,49.249083,-122.820774,49.248206,-122.820451
109.2,4357,72,71,1,Dansey,549 Dansey Ave,549 Dansey Ave 325,49.247217,-122.889488,49.247460,-122.888837
109.2,6215,1,0,1,Quarry,3747 Quarry Rd,3747 Quarry Rd,49.299174,-122.711642,49.299538,-122.712232
109.2,4639,1,0,1,Crouch,3620 Crouch Ave,3620 Crouch Ave,49.296632,-122.727524,49.296163,-122.727876
109.2,6277,1,0,1,Kong,53 Kong Crt,53 Kong Crt,49.227642,-122.858371,49.227350,-122.857829
109.2,4145,1,0,1,Mitchell,1230 Mitchell St,1230 Mitchell St,49.287447,-122.740660,49.287256,-122.741419
109.1,4945,1,0,1,Poirier,956 Poirier St,956 Poirier St,49.268497,-122.846384,49.268701,-122.846770
109.0,306,1,1,1,Glen,2865 Glen Dr 70,2865 Glen Dr 70,49.282742,-122.802494,49.283569,-122.802551
108.9,5045,1,0,1,Alderson,1010 Alderson Ave,1010 Alderson Ave,49.239741,-122.865849,49.239287,-122.866250
108.9,798,3,2,1,Clarke,541 Clarke Rd,541 Clarke Rd 201,49.260890,-122.890952,49.261619,-122.891673
108.8,3642,27,26,1,Bromley,455 Bromley St,455 Bromley St 309,49.247910,-122.818832,49.248113,-122.818297
108.8,4184,1,0,1,Highland,3430 Highland Dr,3430 Highland Dr,49.300238,-122.751671,49.299753,-122.751997
108.7,4159,1,0,1,Elmwood,608 Elmwood St,608 Elmwood St,49.263691,-122.888983,49.263589,-122.888401
108.3,3262,1,0,1,Princeton,3539 Princeton Ave,3539 Princeton Ave,49.294257,-122.739992,49.294747,-122.740085
108.3,4144,17,15,2,Wilkie,3437 Wilkie Ave,3445 Wilkie Ave 9,49.286654,-122.748425,49.286906,-122.749092
108.2,4947,1,0,1,Austin,1393 Austin Ave,1393 Austin Ave,49.248980,-122.855352,49.249315,-122.854751
108.2,407,2,0,1,Flynn,1282 Flynn Cres,Shaughnessy St,49.291030,-122.768256,49.291827,-122.767707
108.2,4080,1,0,1,Lougheed,1288 Lougheed Hwy,1288 Lougheed Hwy,49.233537,-122.857393,49.233046,-122.857065
108.2,3051,1,0,1,Emerson,551 Emerson St,551 Emerson St,49.260397,-122.888505,49.260664,-122.888077
108.1,5986,10,9,1,Ketch,1301 Ketch Crt,1301 Ketch Crt 8B,49.227725,-122.855255,49.228200,-122.855462
108.1,5151,4,3,1,Glacier,94 Glacier St,94 Glacier St 201,49.232611,-122.817625,49.232266,-122.818192
108.1,2062,1,0,1,Cutler,317 Cutler St,317 Cutler St,49.240317,-122.844013,49.240219,-122.843240
108.0,4182,1,0,1,Highland,3420 Highland Dr,3420 Highland Dr,49.300227,-122.752981,49.299936,-122.752653
108.0,2210,1,0,1,Spuraway,2958 Spuraway Ave,2958 Spuraway Ave,49.261531,-122.807752,49.261262,-122.808023
108.0,2244,1,0,1,Harper,3637 Harper Rd,3637 Harper Rd,49.301606,-122.730782,49.301966,-122.731116
107.8,7006,1,0,1,Cedar,4215 Cedar Dr,4215 Cedar Dr,49.289822,-122.722505,49.290171,-122.722793
107.8,2520,1,0,1,Jarvis,990 Jarvis St,990 Jarvis St,49.269565,-122.864301,49.269928,-122.864963
107.7,1763,1,0,0,Trans Canada,Trans Canada Hwy,Trans Canada Hwy,49.233655,-122.874632,49.233013,-122.875126
107.7,3544,48,47,1,Howie,1177 Howie Ave,1177 Howie Ave 316,49.250526,-122.859054,49.250778,-122.859717
107.7,5504,65,64,1,Pacific,1190 Pacific St,1190 Pacific St 417,49.283587,-122.798575,49.283717,-122.799093
107.6,4046,1,0,1,Balmoral,1133 Balmoral Dr,1133 Balmoral Dr,49.279720,-122.823865,49.280195,-122.823209
107.6,315,1,1,1,Glen,2865 Glen Dr 57,2865 Glen Dr 57,49.282749,-122.803771,49.283595,-122.803766
107.5,2062,1,0,1,Custer,1963 Custer Crt,1963 Custer Crt,49.264121,-122.838427,49.264643,-122.838525
107.5,3770,21,20,1,Brunette,1200 Brunette Ave,1200 Brunette Ave 9,49.239362,-122.858952,49.238886,-122.859276
107.5,4911,1,0,1,Johnson,1401 Johnson St,1401 Johnson St,49.296834,-122.801767,49.296468,-122.801305
107.4,3508,1,0,1,Lougheed,1963 Lougheed Hwy,1963 Lougheed Hwy,49.230457,-122.841513,49.231084,-122.841768
107.3,29,1,0,1,Warrick,166 Warrick St,166 Warrick St,49.234396,-122.831220,49.235169,-122.831946
107.3,4138,1,0,1,Highland,3525 Highland Dr,3525 Highland Dr,49.301198,-122.746255,49.301670,-122.745921
107.2,5449,61,60,1,Smith,522 Smith Ave,522 Smith Ave 415,49.260323,-122.889941,49.260011,-122.890565
107.1,4443,171,170,1,Austin,560 Austin Ave,560 Austin Ave 9,49.249072,-122.887477,49.248620,-122.887842
107.0,5050,3,2,1,Hartley,2001 Hartley Ave,2001 Hartley Ave 2,49.226036,-122.838878,49.226540,-122.839386
107.0,494,1,0,1,Coast Meridian,1354 Coast Meridian Rd,1354 Coast Meridian Rd,49.295151,-122.755967,49.294905,-122.757213
107.0,5753,4,3,1,Ketch,1300 Ketch Crt,1300 Ketch Crt C,49.227725,-122.855255,49.227258,-122.855664
106.9,3098,1,0,1,Como Lake,2141 Como Lake Ave,2141 Como Lake Ave,49.263322,-122.835192,49.263834,-122.835417
106.9,7318,1,0,1,Glenholme,470 Glenholme St,470 Glenholme St,49.247910,-122.840357,49.247625,-122.840983
106.7,4234,12,11,1,Hartley,1500 Hartley Ave,1500 Hartley Ave 210,49.226847,-122.846952,49.226348,-122.846726
106.7,4310,1,0,1,Galloway,3383 Galloway Ave,3383 Galloway Ave,49.294831,-122.755696,49.295500,-122.755430
106.7,4229,1,0,1,Hartley,1501 Hartley Ave,1501 Hartley Ave,49.226777,-122.846279,49.227272,-122.846508
106.6,4238,21,20,1,Hartley,1550 Hartley Ave,1550 Hartley Ave 210,49.226777,-122.846278,49.226283,-122.846048
106.5,4845,1,0,1,Westwood,1185 Westwood St,1185 Westwood St,49.281914,-122.790436,49.282244,-122.789843
106.5,5178,1,0,1,Ghuman,1251 Ghuman Pl,1251 Ghuman Pl,49.227922,-122.857336,49.228403,-122.857623
106.5,877,1,0,1,Seaforth,321 Seaforth Cres,321 Seaforth Cres,49.241935,-122.846813,49.241252,-122.846690
106.4,4441,1,0,1,Lougheed,2950 Lougheed Hwy,2950 Lougheed Hwy,49.275747,-122.796081,49.275520,-122.796779
106.4,4262,2,0,2,Claremont,617 Claremont St,618 Tyndall St,49.263601,-122.891843,49.263888,-122.891171
106.3,2050,1,0,1,Custer,1953 Custer Crt,1953 Custer Crt,49.264134,-122.838687,49.264643,-122.838818
106.3,7196,1,0,1,Brigantine,1505 Brigantine Dr,1505 Brigantine Dr,49.225127,-122.846928,49.225593,-122.846749
106.3,2178,1,0,1,Pasture,2961 Pasture Cir,2961 Pasture Cir,49.261398,-122.803488,49.261026,-122.803955
106.2,3576,1,0,1,Bend,950 Bend Crt,950 Bend Crt,49.269315,-122.853522,49.269793,-122.853603
106.1,2047,1,0,1,Linton,553 Linton St,553 Linton St,49.250802,-122.841075,49.250977,-122.840116
106.0,4069,1,0,1,Schooner,85 Schooner St,85 Schooner St,49.226746,-122.840054,49.226976,-122.839320
105.9,4448,66,65,1,Booth,1591 Booth Ave,1591 Booth Ave 417,49.238981,-122.849631,49.239503,-122.849694
105.9,3566,1,0,1,MacIntosh,804 MacIntosh St,804 MacIntosh St,49.263983,-122.865996,49.263812,-122.866728
105.9,2356,1,0,1,Madore,1398 Madore Ave,1398 Madore Ave,49.246440,-122.854776,49.246095,-122.855053
105.9,5926,72,71,1,Schoolhouse,295 Schoolhouse St,295 Schoolhouse St 324,49.240506,-122.852474,49.240238,-122.851843
105.8,4934,1,0,1,Spuraway,2600 Spuraway Ave,2600 Spuraway Ave,49.263149,-122.817469,49.262745,-122.816971
105.7,2378,1,0,1,Duncan,376 Duncan St,376 Duncan St,49.243886,-122.846531,49.244206,-122.847008
105.6,3304,1,0,1,Mohawk,2044 Mohawk Ave,2044 Mohawk Ave,49.272276,-122.835586,49.271921,-122.836061
105.6,2039,1,0,1,Custer,1943 Custer Crt,1943 Custer Crt,49.264138,-122.838980,49.264643,-122.839111
105.5,8876,38,36,2,Chandler,3525 Chandler St,3528 Sheffield Ave 136,49.297123,-122.741280,49.297339,-122.741130
105.5,4056,1,0,1,Ketch,1321 Ketch Crt,1321 Ketch Crt,49.227648,-122.854440,49.228071,-122.854007
105.5,279,1,1,1,Glen,2865 Glen Dr 72,2865 Glen Dr 72,49.282747,-122.803294,49.283591,-122.803283
105.4,1747,1,0,1,Harper,3645 Harper Rd,3645 Harper Rd,49.301643,-122.729511,49.301986,-122.729934
105.3,4009,11,10,1,Parkway,1651 Parkway Blvd,1651 Parkway Blvd 9,49.305618,-122.805784,49.305397,-122.805117
105.3,1280,1,0,1,Charter Hill,1283 Charter Hill Dr,1283 Charter Hill Dr,49.287123,-122.813764,49.287432,-122.812881
105.2,2304,1,0,1,Custer,1927 Custer Crt,1927 Custer Crt,49.264143,-122.839566,49.264644,-122.839718
105.1,2027,1,0,1,Custer,1933 Custer Crt,1933 Custer Crt,49.264140,-122.839272,49.264643,-122.839404
105.1,5854,1,0,1,Barnet,2615 Barnet Hwy,2615 Barnet Hwy,49.277929,-122.815915,49.278384,-122.816121
105.0,4856,1,0,1,Shuswap,2595 Shuswap Ave,2595 Shuswap Ave,49.230577,-122.819451,49.230917,-122.819968
105.0,1802,1,0,1,Blue Mountain,943 Blue Mountain St,943 Blue Mountain St,49.267212,-122.868631,49.267295,-122.867838
105.0,3432,1,0,1,Victoria,3489 Victoria Dr,3489 Victoria Dr,49.285739,-122.743241,49.286230,-122.743514
104.9,4140,1,0,1,Baycrest,3520 Baycrest Ave,3520 Baycrest Ave,49.288438,-122.739359,49.288001,-122.739006
104.9,6480,65,64,1,Plateau,3176 Plateau Blvd,3176 Plateau Blvd 409,49.312131,-122.786891,49.311705,-122.786923
104.9,3723,1,0,1,Dogwood,710 Dogwood St,710 Dogwood St,49.260352,-122.883352,49.260724,-122.883751
104.9,4059,1,0,1,Ketch,1311 Ketch Crt,1311 Ketch Crt,49.227648,-122.854440,49.228171,-122.854662
104.9,1006,1,0,1,Dormel,1460 Dormel Crt,1460 Dormel Crt,49.302655,-122.773981,49.302692,-122.774987
104.8,4467,1,0,1,Falcon,1198 Falcon Dr,1198 Falcon Dr,49.283807,-122.819148,49.284231,-122.819313
104.7,2622,1,0,1,Red Alder,3370 Red Alder Pl,3370 Red Alder Pl,49.303638,-122.758174,49.303342,-122.757485
104.7,4052,1,0,1,Martin,1506 Martin St,1506 Martin St,49.306796,-122.761286,49.306640,-122.761773
104.6,2204,1,0,1,Como Lake,2101 Como Lake Ave,2101 Como Lake Ave,49.263333,-122.836656,49.264005,-122.836471
104.5,1938,1,0,1,Guilby,345 Guilby St,345 Guilby St,49.243068,-122.885219,49.243320,-122.884248
104.5,7185,1,0,1,Pipeline,1360 Pipeline Rd,1360 Pipeline Rd,49.294941,-122.780124,49.294993,-122.780700
104.4,2259,1,0,1,Custer,1919 Custer Crt,1919 Custer Crt,49.264147,-122.839902,49.264482,-122.840058
104.3,4219,1,0,1,Coronation,1115 Coronation Cres,1115 Coronation Cres,49.278604,-122.822038,49.278964,-122.822645
104.3,1579,1,0,1,Eagle Mountain,1529 Eagle Mountain Dr,1529 Eagle Mountain Dr,49.300988,-122.816558,49.300539,-122.815678
104.3,1546,1,0,1,Decaire,321 Decaire St,321 Decaire St,49.242310,-122.849655,49.242265,-122.848607
104.1,4717,1,0,1,Claremont,636 Claremont St,636 Claremont St,49.265364,-122.890581,49.265098,-122.889878
104.1,4054,1,0,1,Baycrest,3476 Baycrest Ave,3476 Baycrest Ave,49.288381,-122.742707,49.287937,-122.742362
104.1,1537,1,0,1,Leclair,2453 Leclair Dr,2453 Leclair Dr,49.243412,-122.825889,49.243840,-122.826394
104.0,2549,1,0,1,Smith,1135 Smith Ave,1135 Smith Ave,49.259829,-122.860482,49.260341,-122.860329
104.0,2294,1,0,1,Camelback,1817 Camelback Crt,1817 Camelback Crt,49.312154,-122.791286,49.312144,-122.790516
103.9,4864,110,108,2,Foster,553 Foster Ave,555 Foster Ave 415,49.256782,-122.888769,49.257135,-122.888225
103.9,3637,40,39,1,Johnson,1188 Johnson St,1188 Johnson St 408,49.283518,-122.801682,49.283219,-122.802225
103.8,4555,54,53,1,Westwood,1148 Westwood St,1148 Westwood St 410,49.280861,-122.790463,49.280574,-122.791104
103.8,3777,1,0,1,Brewster,1301 Brewster Dr,1301 Brewster Dr,49.291582,-122.802227,49.291297,-122.801447
103.7,2545,1,0,1,Como Lake,811 Como Lake Ave,811 Como Lake Ave,49.263602,-122.876154,49.264048,-122.876072
103.7,2184,1,0,1,Como Lake,2121 Como Lake Ave,2121 Como Lake Ave,49.263332,-122.835990,49.263839,-122.836141
103.7,4243,1,0,1,Quarry,3721 Quarry Rd,3721 Quarry Rd,49.298320,-122.715272,49.298787,-122.715706
103.7,4963,72,71,1,Princess,2990 Princess Cres,2990 Princess Cres 418,49.285984,-122.795529,49.285572,-122.795134
103.6,4489,1,0,1,Roxton,3389 Roxton Ave,3389 Roxton Ave,49.288445,-122.754888,49.288710,-122.755326
103.6,4915,55,54,1,Farrow,730 Farrow St,730 Farrow St 9,49.262306,-122.891735,49.262543,-122.892376
103.5,4210,40,38,2,Dansey,550 Dansey Ave,552 Dansey Ave B2,49.247216,-122.888870,49.246584,-122.888520
103.5,4975,1,0,1,Farrow,720 Farrow St,720 Farrow St,49.261022,-122.892136,49.261413,-122.892522
103.4,3170,1,0,1,Coronation,1138 Coronation Cres,1138 Coronation Cres,49.280494,-122.822343,49.279995,-122.822567
103.4,4296,1,0,1,Como Lake,710 Como Lake Ave,710 Como Lake Ave,49.263533,-122.881816,49.263130,-122.882295
103.3,5001,1,0,1,Hazel,3310 Hazel Ave,3310 Hazel Ave,49.307357,-122.762633,49.306713,-122.762911
103.3,4052,1,0,1,Baycrest,3470 Baycrest Ave,3470 Baycrest Ave,49.288378,-122.743350,49.287750,-122.743040
103.3,6434,1,0,1,Lougheed,821 Lougheed Hwy,821 Lougheed Hwy,49.264053,-122.798365,49.264154,-122.797571
103.2,792,1,0,1,David,3335 David Ave,3335 David Ave,49.292951,-122.761547,49.293550,-122.761577
103.2,5191,1,0,1,Barnet,2725 Barnet Hwy,2725 Barnet Hwy,49.277912,-122.812726,49.278401,-122.812533
103.2,2365,1,0,1,Adiron,796 Adiron Ave,796 Adiron Ave,49.267638,-122.875707,49.267191,-122.874860
103.0,4611,73,72,1,Kensal,1150 Kensal Pl,1150 Kensal Pl 418,49.280990,-122.784297,49.280689,-122.784899
103.0,3287,49,48,1,Austin,544 Austin Ave,544 Austin Ave 317,49.249096,-122.889450,49.248821,-122.888830
103.0,4492,1,0,1,Roxton,3417 Roxton Ave,3417 Roxton Ave,49.288443,-122.753256,49.288868,-122.753665
102.9,3807,1,0,1,Pinetree,1170 Pinetree Way,1170 Pinetree Way,49.280783,-122.793435,49.281102,-122.793984
102.9,4306,22,0,22,Marathon,301 Marathon Crt,343 Marathon Crt,49.240473,-122.850958,49.240529,-122.850276
102.8,2895,25,24,1,Schoolhouse,312 Schoolhouse St,312 Schoolhouse St 408,49.242849,-122.853419,49.242450,-122.853356
102.7,4041,46,45,1,Gauthier,888 Gauthier Ave,888 Gauthier Ave 407,49.238718,-122.873193,49.238274,-122.873518
102.6,7693,1,0,1,Fraser Mills,1203 Fraser Mills Dr,1203 Fraser Mills Dr,49.226034,-122.858430,49.226405,-122.858260
102.6,1876,1,0,1,Kinsac,960 Kinsac St,960 Kinsac St,49.268439,-122.869978,49.268354,-122.870718
102.6,3427,3,1,2,Clarke,500 Clarke Rd,515 Cottonwood Ave,49.258875,-122.892788,49.259262,-122.892088
102.6,1407,1,0,1,Turner,3333 Turner Ave,3333 Turner Ave,49.302637,-122.770801,49.302924,-122.769792
102.5,1516,1,0,1,Bayswater,3331 Bayswater Ave,3331 Bayswater Ave,49.293910,-122.762361,49.294288,-122.761684
102.5,1475,1,0,1,Pipeline,1417 Pipeline Pl,1417 Pipeline Pl,49.300311,-122.776615,49.300350,-122.775842
102.5,1724,1,0,1,Kinsac,964 Kinsac St,964 Kinsac St,49.268620,-122.869971,49.268523,-122.870710
102.5,816,1,0,1,Cape Horn,323 Cape Horn Pl,323 Cape Horn Pl,49.238843,-122.825561,49.239183,-122.826418
102.4,3638,42,41,1,Pipeline,1187 Pipeline Rd,1187 Pipeline Rd 314,49.282977,-122.786037,49.283185,-122.785328
102.4,4054,1,0,1,Clipper,68 Clipper St,68 Clipper St,49.228351,-122.852841,49.228041,-122.853350
102.4,4515,73,72,1,Kensal,1153 Kensal Pl,1153 Kensal Pl 418,49.280386,-122.784300,49.280716,-122.783695
102.3,4251,1,0,1,Austin,925 Austin Ave,925 Austin Ave,49.249042,-122.871351,49.249621,-122.871704
102.3,2228,1,0,1,Cape Horn,2017 Cape Horn Ave,2017 Cape Horn Ave,49.230901,-122.838274,49.231194,-122.837832
102.3,6089,12,11,1,Barnet,2565 Barnet Hwy,2565 Barnet Hwy 9,49.277959,-122.818886,49.278484,-122.819019
102.2,3366,11,10,1,Tupper,910 Tupper Ave,910 Tupper Ave 9,49.234936,-122.872936,49.234676,-122.872314
102.2,2742,1,0,0,Milford,Milford Ave,Milford Ave,49.258913,-122.859497,49.258622,-122.858946
102.1,3468,1,0,1,David,3320 David Ave,3320 David Ave,49.292972,-122.762957,49.292484,-122.762655
102.0,4381,326,324,2,Foster,525 Foster Ave,537 Foster Ave 608,49.256788,-122.889693,49.257133,-122.890206
101.9,14370,158,156,2,Dayanee Springs,3156 Dayanee Springs Blvd,3178 Dayanee Springs Blvd 522,49.293998,-122.782014,49.293653,-122.781916
101.8,1997,1,0,1,Pasture,2969 Pasture Cir,2969 Pasture Cir,49.261357,-122.803086,49.260989,-122.802140
101.7,1683,1,0,1,Lansdowne,1314 Lansdowne Dr,1314 Lansdowne Dr,49.289590,-122.820162,49.289906,-122.820917
101.7,3204,1,0,1,Blue Mountain,701 Blue Mountain St,701 Blue Mountain St,49.260002,-122.868873,49.260173,-122.868143
101.6,1522,1,0,1,Starlight,2956 Starlight Way,2956 Starlight Way,49.261252,-122.809804,49.261026,-122.810292
101.6,167,1,1,1,Eagleridge,1140 Eagleridge Dr 20,1140 Eagleridge Dr 20,49.282384,-122.813558,49.283117,-122.814179
101.5,7350,117,115,2,Shaw,535 Shaw Ave,555 Shaw Ave 323,49.244196,-122.888146,49.244298,-122.888555
101.5,2303,1,0,1,Duncan,372 Duncan St,372 Duncan St,49.243801,-122.846545,49.244059,-122.847304
101.5,3321,35,34,1,Robinson,707 Robinson St,707 Robinson St Unit w/Lock Off 117,49.261344,-122.879921,49.260958,-122.879472
101.3,5324,1,0,1,Martin,1516 Martin St,1516 Martin St,49.306796,-122.761286,49.307057,-122.761903
101.3,3557,1,0,1,Gatensbury,730 Gatensbury St,730 Gatensbury St,49.261767,-122.857644,49.262158,-122.858034
101.3,5480,1,0,1,Laval,830 Laval Sq,830 Laval Sq,49.241295,-122.856600,49.241445,-122.857305
101.1,4492,1,0,1,David,3330 David Ave,3330 David Ave,49.292952,-122.761689,49.292459,-122.761890
101.1,1323,1,0,1,Chester,249 Chester Crt,249 Chester Crt,49.237662,-122.841698,49.237768,-122.841182
101.1,4610,1,0,1,Willerton,3332 Willerton Crt,3332 Willerton Crt,49.290146,-122.761578,49.289905,-122.761181
101.0,2810,12,11,1,Shaw,561 Shaw Ave,561 Shaw Ave 9,49.244079,-122.887534,49.244602,-122.887750
101.0,1972,1,0,1,Adiron,794 Adiron Ave,794 Adiron Ave,49.267459,-122.875872,49.267195,-122.875347
100.9,3762,1,0,1,Golden,75 Golden Dr,75 Golden Dr,49.230538,-122.824540,49.230266,-122.824043
100.8,5375,1,0,1,Barnet,2745 Barnet Hwy,2745 Barnet Hwy,49.277914,-122.809482,49.278363,-122.809314
100.8,4142,1,0,1,Pipeline,1393 Pipeline Rd,1393 Pipeline Rd,49.298502,-122.778379,49.298281,-122.777758
100.7,4332,1,0,1,Elmwood,667 Elmwood St,667 Elmwood St,49.266653,-122.886387,49.266888,-122.887080
100.7,2880,37,36,1,Casey,329 Casey St,329 Casey St 312,49.242515,-122.854850,49.242636,-122.854164
100.7,3238,1,0,1,Austin,730 Austin Ave,730 Austin Ave,49.249025,-122.880727,49.248552,-122.880442
100.7,4001,1,0,1,Glacier,74 Glacier St,74 Glacier St,49.229353,-122.817444,49.229637,-122.818106
100.6,345,1,1,1,Glen,2865 Glen Dr 69,2865 Glen Dr 69,49.282743,-122.802628,49.283538,-122.802706
100.5,1352,1,0,1,Pipeline,1423 Pipeline Pl,1423 Pipeline Pl,49.300624,-122.776413,49.300644,-122.775656
100.5,7320,1,0,1,Harrison,588 Harrison Ave,588 Harrison Ave,49.267109,-122.888517,49.266811,-122.888509
100.5,3829,1,0,1,Queenston,3405 Queenston Ave,3405 Queenston Ave,49.297538,-122.755708,49.297840,-122.755141
100.2,2597,1,0,1,Lougheed,891 Lougheed Hwy,891 Lougheed Hwy,49.267373,-122.798708,49.267786,-122.798159
100.1,3875,11,8,3,Barnet,2729 Barnet Hwy,2733 Barnet Hwy 105,49.277908,-122.811569,49.278399,-122.811751
